host,motivo
aaa-moniot-prd01 ,Sem ICMP e SSH (possível offline/rota/firewall)
aaa-moniot-prd02 ,Sem ICMP e SSH (possível offline/rota/firewall)
aaa-moniot-prd03 ,Sem ICMP e SSH (possível offline/rota/firewall)
aaa-moniot-prd04 ,Sem ICMP e SSH (possível offline/rota/firewall)
acronisaeh.staging ,Sem ICMP e SSH (possível offline/rota/firewall)
acronis-isilon-stg01 ,Sem ICMP e SSH (possível offline/rota/firewall)
acsdb-01 ,Sem ICMP e SSH (possível offline/rota/firewall)
adm-ceph-prd01 ,Sem ICMP e SSH (possível offline/rota/firewall)
afiliados-app-hml01 ,ICMP bloqueado (sem ping)
afiliados-app-prd01 ,ICMP bloqueado (sem ping)
aid-hos-10.planeta.net ,Sem ICMP e SSH (possível offline/rota/firewall)
aid-hos-25 ,Sem ICMP e SSH (possível offline/rota/firewall)
airflow-hom01 ,Sem ICMP e SSH (possível offline/rota/firewall)
Algar-BD ,Sem ICMP e SSH (possível offline/rota/firewall)
algar-contact-hom01.tenant0008 ,Sem ICMP e SSH (possível offline/rota/firewall)
algar-contact-hom02 ,ICMP bloqueado (sem ping)
algar-contact-prd01.tenant0008 ,Sem ICMP e SSH (possível offline/rota/firewall)
algar-contact-prd02.tenant0008 ,Sem ICMP e SSH (possível offline/rota/firewall)
algargedtit_NEW ,Sem ICMP e SSH (possível offline/rota/firewall)
algarops-hom-app01 ,Sem ICMP e SSH (possível offline/rota/firewall)
Algar-sipserver ,Sem ICMP e SSH (possível offline/rota/firewall)
antispam-db01 ,Sem ICMP e SSH (possível offline/rota/firewall)
antispam-scan01 ,Sem ICMP e SSH (possível offline/rota/firewall)
antispam-scan02 ,Sem ICMP e SSH (possível offline/rota/firewall)
antispam-scan03 ,Sem ICMP e SSH (possível offline/rota/firewall)
antispam-scan04 ,Sem ICMP e SSH (possível offline/rota/firewall)
apcem-hml01 ,Sem ICMP e SSH (possível offline/rota/firewall)
apcem-poc01 ,Sem ICMP e SSH (possível offline/rota/firewall)
api-02-portal-hom-iot ,ICMP bloqueado (sem ping)
api-moniot-prd01 ,Sem ICMP e SSH (possível offline/rota/firewall)
api-moniot-prd02 ,Sem ICMP e SSH (possível offline/rota/firewall)
api-portal-hom-iot ,ICMP bloqueado (sem ping)
api-prd01-iot ,Sem ICMP e SSH (possível offline/rota/firewall)
api-prd02-iot ,Sem ICMP e SSH (possível offline/rota/firewall)
api-prd-jenkins01 ,Sem ICMP e SSH (possível offline/rota/firewall)
api-protweb-prd01 ,Sem ICMP e SSH (possível offline/rota/firewall)
apm-app-prd01 ,Sem ICMP e SSH (possível offline/rota/firewall)
app-gravacao-01 ,Sem ICMP e SSH (possível offline/rota/firewall)
app-gravacao-02 ,Sem ICMP e SSH (possível offline/rota/firewall)
app-host-resilient-prd01 ,Sem ICMP e SSH (possível offline/rota/firewall)
appmobileprd01_NEW ,Sem ICMP e SSH (possível offline/rota/firewall)
appmobileprd02_NEW ,Sem ICMP e SSH (possível offline/rota/firewall)
app-omni-h01 ,Sem ICMP e SSH (possível offline/rota/firewall)
app-phone-prd01 ,Sem ICMP e SSH (possível offline/rota/firewall)
app-phone-prd02 ,Sem ICMP e SSH (possível offline/rota/firewall)
app-policy-prd01-238 ,Sem ICMP e SSH (possível offline/rota/firewall)
app-policy-prd02-238 ,Sem ICMP e SSH (possível offline/rota/firewall)
app-policy-prd03-238 ,Sem ICMP e SSH (possível offline/rota/firewall)
app-portal-nominum-prd01 ,ICMP bloqueado (sem ping)
app-portal-prd01 ,Sem ICMP e SSH (possível offline/rota/firewall)
app-sq-phone-prd01 ,Sem ICMP e SSH (possível offline/rota/firewall)
app-sq-phone-prd02 ,Sem ICMP e SSH (possível offline/rota/firewall)
appstack-lgpd-prod01 ,Sem ICMP e SSH (possível offline/rota/firewall)
aps.staging ,Sem ICMP e SSH (possível offline/rota/firewall)
apscloudplus.staging ,Sem ICMP e SSH (possível offline/rota/firewall)
aps-ico.staging ,Sem ICMP e SSH (possível offline/rota/firewall)
apsmaxmonitor ,Sem ICMP e SSH (possível offline/rota/firewall)
apsmaxmonitor.staging ,Sem ICMP e SSH (possível offline/rota/firewall)
aps-multicloud-prd01 ,Sem ICMP e SSH (possível offline/rota/firewall)
automacao-prd03 ,Sem ICMP e SSH (possível offline/rota/firewall)
automacao-prod-01-fisico ,Sem ICMP e SSH (possível offline/rota/firewall)
b2c-dashboard01 ,Sem ICMP e SSH (possível offline/rota/firewall)
b2c-indexer01 ,Sem ICMP e SSH (possível offline/rota/firewall)
b2c-indexer02 ,Sem ICMP e SSH (possível offline/rota/firewall)
b2c-jenkins02_NEW ,Sem ICMP e SSH (possível offline/rota/firewall)
backend-hom01 ,Sem ICMP e SSH (possível offline/rota/firewall)
backend-sinfra-hml02 ,Sem ICMP e SSH (possível offline/rota/firewall)
backend-sinfr-prd01 ,Sem ICMP e SSH (possível offline/rota/firewall)
balancer-hom2-1.ocs ,Sem ICMP e SSH (possível offline/rota/firewall)
balancer-prd-1 ,Sem ICMP e SSH (possível offline/rota/firewall)
balancer-prd-2.ocs.algartelecom.com.br ,Sem ICMP e SSH (possível offline/rota/firewall)
bandalarga-prd01 ,Sem ICMP e SSH (possível offline/rota/firewall)
bd-conf-phone-hml01 ,Sem ICMP e SSH (possível offline/rota/firewall)
bd-conf-phone-prd01 ,Sem ICMP e SSH (possível offline/rota/firewall)
bd-conf-phone-prd02 ,Sem ICMP e SSH (possível offline/rota/firewall)
bd-log-phone-prd01 ,Sem ICMP e SSH (possível offline/rota/firewall)
bd-log-phone-prd02 ,Sem ICMP e SSH (possível offline/rota/firewall)
bd-sip-phone-prd01 ,Sem ICMP e SSH (possível offline/rota/firewall)
beatch-moniot-p1 ,Sem ICMP e SSH (possível offline/rota/firewall)
beatch-moniot-p2 ,Sem ICMP e SSH (possível offline/rota/firewall)
bkprd02-ptguru2px01 ,Sem ICMP e SSH (possível offline/rota/firewall)
blueplanetpx01 ,Sem ICMP e SSH (possível offline/rota/firewall)
blueplanetpx02 ,Sem ICMP e SSH (possível offline/rota/firewall)
bmp-hom2-1 ,Sem ICMP e SSH (possível offline/rota/firewall)
bmp-hom2-2 ,Sem ICMP e SSH (possível offline/rota/firewall)
bmpweb_prd01 ,Sem ICMP e SSH (possível offline/rota/firewall)
bmpweb_prd02 ,Sem ICMP e SSH (possível offline/rota/firewall)
bpmapp-prd01 ,Sem ICMP e SSH (possível offline/rota/firewall)
bpmapp-prd02 ,Sem ICMP e SSH (possível offline/rota/firewall)
bpmapp-stg01 ,Sem ICMP e SSH (possível offline/rota/firewall)
bpmapp-stg02 ,Sem ICMP e SSH (possível offline/rota/firewall)
bpmdb-prd01 ,Sem ICMP e SSH (possível offline/rota/firewall)
bpmdb-prd02 ,Sem ICMP e SSH (possível offline/rota/firewall)
bpmdb-stg01 ,Sem ICMP e SSH (possível offline/rota/firewall)
bpmdb-stg02 ,Sem ICMP e SSH (possível offline/rota/firewall)
bpmweb-prd01.cloudalgartelecom.com.br ,Sem ICMP e SSH (possível offline/rota/firewall)
bpmweb-prd02.cloudalgartelecom.com.br ,Sem ICMP e SSH (possível offline/rota/firewall)
broker-hom2-1 ,Sem ICMP e SSH (possível offline/rota/firewall)
broker-hom2-2 ,Sem ICMP e SSH (possível offline/rota/firewall)
broker-hom2-3 ,Sem ICMP e SSH (possível offline/rota/firewall)
broker-hom2-4 ,Sem ICMP e SSH (possível offline/rota/firewall)
broker-hom2-5 ,Sem ICMP e SSH (possível offline/rota/firewall)
broker-ocs-p01 ,Sem ICMP e SSH (possível offline/rota/firewall)
broker-ocs-p02 ,Sem ICMP e SSH (possível offline/rota/firewall)
broker-ocs-p03 ,Sem ICMP e SSH (possível offline/rota/firewall)
broker-ocs-p04 ,Sem ICMP e SSH (possível offline/rota/firewall)
broker-ocs-p05 ,Sem ICMP e SSH (possível offline/rota/firewall)
broker-prd-2 ,Sem ICMP e SSH (possível offline/rota/firewall)
broker-prd-3 ,Sem ICMP e SSH (possível offline/rota/firewall)
broker-prd-5 ,Sem ICMP e SSH (possível offline/rota/firewall)
cac-hml02 ,Sem ICMP e SSH (possível offline/rota/firewall)
cac-hml03 ,Sem ICMP e SSH (possível offline/rota/firewall)
cacti-capacidade-new-seta ,Sem ICMP e SSH (possível offline/rota/firewall)
cacti-prd-corp01 ,Sem ICMP e SSH (possível offline/rota/firewall)
cadastro-posi-hml01 ,Sem ICMP e SSH (possível offline/rota/firewall)
capacidade-prd01 ,Sem ICMP e SSH (possível offline/rota/firewall)
cap-hos-17 ,Sem ICMP e SSH (possível offline/rota/firewall)
catprod-hml-matrix01 ,Sem ICMP e SSH (possível offline/rota/firewall)
cbp-hom2-1 ,Sem ICMP e SSH (possível offline/rota/firewall)
cbp-hom2-2 ,Sem ICMP e SSH (possível offline/rota/firewall)
cbp-ocs-p01 ,Sem ICMP e SSH (possível offline/rota/firewall)
cbp-ocs-p02 ,Sem ICMP e SSH (possível offline/rota/firewall)
cce-service-hom01 ,ICMP bloqueado (sem ping)
cce-service-hom02 ,ICMP bloqueado (sem ping)
cds1 ,ICMP bloqueado (sem ping)
cds2 ,ICMP bloqueado (sem ping)
cds3 ,ICMP bloqueado (sem ping)
ciscoar-prd02 ,Sem ICMP e SSH (possível offline/rota/firewall)
ciscoar-tra ,Sem ICMP e SSH (possível offline/rota/firewall)
citrus-app-omni-prd01 ,Sem ICMP e SSH (possível offline/rota/firewall)
citrus-app-omni-prd02 ,Sem ICMP e SSH (possível offline/rota/firewall)
citrus-app-omni-prd03 ,Sem ICMP e SSH (possível offline/rota/firewall)
citrus-app-omni-prd04 ,Sem ICMP e SSH (possível offline/rota/firewall)
citrus-bd-omni-prd01 ,Sem ICMP e SSH (possível offline/rota/firewall)
citrus-bd-omni-prd02 ,Sem ICMP e SSH (possível offline/rota/firewall)
clik-hom-app01 ,Sem ICMP e SSH (possível offline/rota/firewall)
clik-hom-bd02 ,Sem ICMP e SSH (possível offline/rota/firewall)
cloud-mediacao ,ICMP bloqueado (sem ping)
cm.staging ,Sem ICMP e SSH (possível offline/rota/firewall)
comando-prd ,Sem ICMP e SSH (possível offline/rota/firewall)
comissaodes.network ,Sem ICMP e SSH (possível offline/rota/firewall)
consumers-moniot-prd01 ,Sem ICMP e SSH (possível offline/rota/firewall)
consumers-moniot-prd02 ,Sem ICMP e SSH (possível offline/rota/firewall)
consumers-moniot-prd04 ,Sem ICMP e SSH (possível offline/rota/firewall)
consumers-moniot-prd05 ,Sem ICMP e SSH (possível offline/rota/firewall)
consumers-moniot-prd06 ,Sem ICMP e SSH (possível offline/rota/firewall)
consumers-moniot-prd07 ,Sem ICMP e SSH (possível offline/rota/firewall)
consumers-moniot-prd08 ,Sem ICMP e SSH (possível offline/rota/firewall)
core-hom-app01 ,ICMP bloqueado (sem ping)
core-hom-app02 ,ICMP bloqueado (sem ping)
core-prd-app03 ,Sem ICMP e SSH (possível offline/rota/firewall)
core-prd-balancer01 ,Sem ICMP e SSH (possível offline/rota/firewall)
cpgr-hml01 ,ICMP bloqueado (sem ping)
cpgr-prd01 ,ICMP bloqueado (sem ping)
crm-prd-cache01New ,Sem ICMP e SSH (possível offline/rota/firewall)
crm-prd-cache02New ,Sem ICMP e SSH (possível offline/rota/firewall)
crv-hom-cis01 ,Sem ICMP e SSH (possível offline/rota/firewall)
crv-hom-guru01 ,Sem ICMP e SSH (possível offline/rota/firewall)
crv-prd-app03 ,Sem ICMP e SSH (possível offline/rota/firewall)
crv-prd-backend-cis01 ,Sem ICMP e SSH (possível offline/rota/firewall)
crv-prd-backend-cis02 ,Sem ICMP e SSH (possível offline/rota/firewall)
crv-prd-balancer ,Sem ICMP e SSH (possível offline/rota/firewall)
crv-prd-bd01 ,Sem ICMP e SSH (possível offline/rota/firewall)
crv-prd-cis-balancer ,Sem ICMP e SSH (possível offline/rota/firewall)
crv-prd-cis-frontend ,Sem ICMP e SSH (possível offline/rota/firewall)
csocacti ,Sem ICMP e SSH (possível offline/rota/firewall)
dataserver-hom2-1 ,Sem ICMP e SSH (possível offline/rota/firewall)
dbatools-app01 ,Sem ICMP e SSH (possível offline/rota/firewall)
dbhx01 ,Sem ICMP e SSH (possível offline/rota/firewall)
db-policy-prd01-236 ,Sem ICMP e SSH (possível offline/rota/firewall)
db-policy-prd01-238 ,Sem ICMP e SSH (possível offline/rota/firewall)
db-policy-prd02-236 ,Sem ICMP e SSH (possível offline/rota/firewall)
db-policy-prd02-238 ,Sem ICMP e SSH (possível offline/rota/firewall)
db-policy-prd03-236 ,Sem ICMP e SSH (possível offline/rota/firewall)
db-policy-prd03-238 ,Sem ICMP e SSH (possível offline/rota/firewall)
director-hml ,Sem ICMP e SSH (possível offline/rota/firewall)
dns-prd-1.ocs.algartelecom.com.br ,Sem ICMP e SSH (possível offline/rota/firewall)
dns-prd-2 ,Sem ICMP e SSH (possível offline/rota/firewall)
dns-privatecloud-prd01 ,Sem ICMP e SSH (possível offline/rota/firewall)
dns-privatecloud-prd02 ,Sem ICMP e SSH (possível offline/rota/firewall)
dnstic-prd01 ,Sem ICMP e SSH (possível offline/rota/firewall)
dnstic-prd02 ,Sem ICMP e SSH (possível offline/rota/firewall)
docs.prd.iot ,Sem ICMP e SSH (possível offline/rota/firewall)
ebd-pem-soa-prd01 ,Sem ICMP e SSH (possível offline/rota/firewall)
ebd-pem-soa-prd02 ,Sem ICMP e SSH (possível offline/rota/firewall)
ebinvoiceprddav01_new ,Sem ICMP e SSH (possível offline/rota/firewall)
ecomm03_NEW ,Sem ICMP e SSH (possível offline/rota/firewall)
ecomm04_NEW ,Sem ICMP e SSH (possível offline/rota/firewall)
elastic-search-hom01 ,Sem ICMP e SSH (possível offline/rota/firewall)
elastic-search-hom02 ,Sem ICMP e SSH (possível offline/rota/firewall)
elastic-search-tit01 ,ICMP bloqueado (sem ping)
elk-corp ,ICMP bloqueado (sem ping)
ELKHL01 ,ICMP bloqueado (sem ping)
ELKHL02 ,ICMP bloqueado (sem ping)
ELKPL01 ,ICMP bloqueado (sem ping)
ELKPL02 ,ICMP bloqueado (sem ping)
elk-qualidade-prd01 ,Sem ICMP e SSH (possível offline/rota/firewall)
elk-qualidade-prd02 ,Sem ICMP e SSH (possível offline/rota/firewall)
empp-gw-prd-1 ,Sem ICMP e SSH (possível offline/rota/firewall)
eris-1.planeta.net ,Sem ICMP e SSH (possível offline/rota/firewall)
fix-hom2-1 ,Sem ICMP e SSH (possível offline/rota/firewall)
fix-hom2-2 ,Sem ICMP e SSH (possível offline/rota/firewall)
fix-ocs-p01 ,Sem ICMP e SSH (possível offline/rota/firewall)
fix-ocs-p02 ,Sem ICMP e SSH (possível offline/rota/firewall)
fix-ocs-p03 ,Sem ICMP e SSH (possível offline/rota/firewall)
fix-ocs-p04 ,Sem ICMP e SSH (possível offline/rota/firewall)
fix-prd-3 ,Sem ICMP e SSH (possível offline/rota/firewall)
fix-prd-4 ,Sem ICMP e SSH (possível offline/rota/firewall)
follow-tech-prd01 ,ICMP bloqueado (sem ping)
frontend-allcom-01.prd.iot ,Sem ICMP e SSH (possível offline/rota/firewall)
frontend-allcom-02.prd.iot ,Sem ICMP e SSH (possível offline/rota/firewall)
frontend-burst-01.prd.iot ,Sem ICMP e SSH (possível offline/rota/firewall)
frontend-hom01_1910 ,Sem ICMP e SSH (possível offline/rota/firewall)
frontend-scm-01.prd.iot ,Sem ICMP e SSH (possível offline/rota/firewall)
frontend-sinfra-hml01 ,Sem ICMP e SSH (possível offline/rota/firewall)
frontend-sinfra-prd02 ,Sem ICMP e SSH (possível offline/rota/firewall)
ftp-operacao-prd01 ,Sem ICMP e SSH (possível offline/rota/firewall)
gaio-app-prd01 ,Sem ICMP e SSH (possível offline/rota/firewall)
gaioapppx01 ,Sem ICMP e SSH (possível offline/rota/firewall)
gaio-db-prd02 ,Sem ICMP e SSH (possível offline/rota/firewall)
gaiodbpx01 ,Sem ICMP e SSH (possível offline/rota/firewall)
gaiodbpx02 ,Sem ICMP e SSH (possível offline/rota/firewall)
gaiohx01 ,Sem ICMP e SSH (possível offline/rota/firewall)
GERCLIENTES ,Sem ICMP e SSH (possível offline/rota/firewall)
gerencia.planeta.net ,Sem ICMP e SSH (possível offline/rota/firewall)
gerencia-hom2-1 ,Sem ICMP e SSH (possível offline/rota/firewall)
gerencia-prd-1 ,Sem ICMP e SSH (possível offline/rota/firewall)
gerencia-prd-2 ,Sem ICMP e SSH (possível offline/rota/firewall)
getraf-tst01 ,Sem ICMP e SSH (possível offline/rota/firewall)
gifeprd01_NEW ,Sem ICMP e SSH (possível offline/rota/firewall)
gpf-hom-app01 ,ICMP bloqueado (sem ping)
gpf-prd-app01 ,ICMP bloqueado (sem ping)
grafana-01-apm.prd.iot ,Sem ICMP e SSH (possível offline/rota/firewall)
grafana-02-apm.prd.iot ,Sem ICMP e SSH (possível offline/rota/firewall)
grafana-correios-prd01 ,Sem ICMP e SSH (possível offline/rota/firewall)
grv-prd-backend ,Sem ICMP e SSH (possível offline/rota/firewall)
grv-prd-bd01 ,Sem ICMP e SSH (possível offline/rota/firewall)
grv-prd-frontend ,Sem ICMP e SSH (possível offline/rota/firewall)
gsuite ,Sem ICMP e SSH (possível offline/rota/firewall)
gsuite.staging ,Sem ICMP e SSH (possível offline/rota/firewall)
gw-123milhas-hml01 ,Sem ICMP e SSH (possível offline/rota/firewall)
gw-123milhas-hml02 ,Sem ICMP e SSH (possível offline/rota/firewall)
gw-123milhas-prd01 ,Sem ICMP e SSH (possível offline/rota/firewall)
gw-123milhas-prd02 ,Sem ICMP e SSH (possível offline/rota/firewall)
haproxy1 ,ICMP bloqueado (sem ping)
henas ,Sem ICMP e SSH (possível offline/rota/firewall)
http-proxy-omni-prd02 ,Sem ICMP e SSH (possível offline/rota/firewall)
iam-01.prd.iot ,Sem ICMP e SSH (possível offline/rota/firewall)
icd-app-prd06 ,Sem ICMP e SSH (possível offline/rota/firewall)
icd-db-rep-dev01 ,Sem ICMP e SSH (possível offline/rota/firewall)
icpmaster-prd02 ,Sem ICMP e SSH (possível offline/rota/firewall)
icpmaster-prd03 ,Sem ICMP e SSH (possível offline/rota/firewall)
icpmaster-stg01 ,Sem ICMP e SSH (possível offline/rota/firewall)
icpmaster-stg02 ,Sem ICMP e SSH (possível offline/rota/firewall)
icpmaster-stg03 ,Sem ICMP e SSH (possível offline/rota/firewall)
icpmgmt-prd01 ,Sem ICMP e SSH (possível offline/rota/firewall)
icpmgmt-stg01 ,Sem ICMP e SSH (possível offline/rota/firewall)
icpproxyex-prd01 ,Sem ICMP e SSH (possível offline/rota/firewall)
icpproxyex-prd02 ,Sem ICMP e SSH (possível offline/rota/firewall)
icpproxyex-stg01 ,Sem ICMP e SSH (possível offline/rota/firewall)
icpproxyex-stg02 ,Sem ICMP e SSH (possível offline/rota/firewall)
icpproxy-prd01 ,Sem ICMP e SSH (possível offline/rota/firewall)
icpproxy-stg02 ,Sem ICMP e SSH (possível offline/rota/firewall)
icpproxy-stg02.cloudalgartelecom.com.br ,Sem ICMP e SSH (possível offline/rota/firewall)
icpworkerpl-prd01 ,Sem ICMP e SSH (possível offline/rota/firewall)
icpworkerpl-prd02 ,Sem ICMP e SSH (possível offline/rota/firewall)
icpworkerpl-prd03 ,Sem ICMP e SSH (possível offline/rota/firewall)
icpworkerpl-stg01 ,Sem ICMP e SSH (possível offline/rota/firewall)
icpworkerpl-stg02 ,Sem ICMP e SSH (possível offline/rota/firewall)
icpworkerpl-stg03 ,Sem ICMP e SSH (possível offline/rota/firewall)
icpworker-prd01 ,Sem ICMP e SSH (possível offline/rota/firewall)
icpworker-prd02 ,Sem ICMP e SSH (possível offline/rota/firewall)
icpworker-prd03 ,Sem ICMP e SSH (possível offline/rota/firewall)
icpworker-stg01 ,Sem ICMP e SSH (possível offline/rota/firewall)
icpworker-stg02 ,Sem ICMP e SSH (possível offline/rota/firewall)
icpworker-stg03 ,Sem ICMP e SSH (possível offline/rota/firewall)
id-itnm-hom05 ,Sem ICMP e SSH (possível offline/rota/firewall)
id-itnm-hom06 ,Sem ICMP e SSH (possível offline/rota/firewall)
id-itnm-hom07 ,Sem ICMP e SSH (possível offline/rota/firewall)
id-itnm-hom08 ,Sem ICMP e SSH (possível offline/rota/firewall)
id-itnm-hom09 ,Sem ICMP e SSH (possível offline/rota/firewall)
id-itnm-hom10 ,Sem ICMP e SSH (possível offline/rota/firewall)
id-nodered-hom01 ,Sem ICMP e SSH (possível offline/rota/firewall)
id-nodered-prd01 ,Sem ICMP e SSH (possível offline/rota/firewall)
id-portal-hom01_ ,Sem ICMP e SSH (possível offline/rota/firewall)
id-portal-prd01_v1212 ,Sem ICMP e SSH (possível offline/rota/firewall)
id-tncm-ws-prd05 ,Sem ICMP e SSH (possível offline/rota/firewall)
id-tncm-ws-prd06 ,Sem ICMP e SSH (possível offline/rota/firewall)
id-transmissao-hml01 ,Sem ICMP e SSH (possível offline/rota/firewall)
id-transmissao-prd01 ,Sem ICMP e SSH (possível offline/rota/firewall)
id-transmissao-prd02 ,Sem ICMP e SSH (possível offline/rota/firewall)
ID-VOGEL-APP-HML-01 ,Sem ICMP e SSH (possível offline/rota/firewall)
imsvaprd02 ,Sem ICMP e SSH (possível offline/rota/firewall)
influxdb-01-apm.prd.iot ,Sem ICMP e SSH (possível offline/rota/firewall)
influxdb-02-apm.prd.iot ,Sem ICMP e SSH (possível offline/rota/firewall)
influxdb-03-apm.prd.iot ,Sem ICMP e SSH (possível offline/rota/firewall)
in-proxy-connect-hml01 ,Sem ICMP e SSH (possível offline/rota/firewall)
in-proxy-connect-prd01 ,Sem ICMP e SSH (possível offline/rota/firewall)
insight-ingestion ,Sem ICMP e SSH (possível offline/rota/firewall)
IP-track-relay-prd01 ,Sem ICMP e SSH (possível offline/rota/firewall)
isntascan-lgpd-prd01 ,Sem ICMP e SSH (possível offline/rota/firewall)
jbosseap04hom_NEW ,Sem ICMP e SSH (possível offline/rota/firewall)
jenkinspx01 ,Sem ICMP e SSH (possível offline/rota/firewall)
jtracivc_NEW ,Sem ICMP e SSH (possível offline/rota/firewall)
kafka-prd01 ,Sem ICMP e SSH (possível offline/rota/firewall)
kafka-prd03 ,Sem ICMP e SSH (possível offline/rota/firewall)
kafka-prd2 ,Sem ICMP e SSH (possível offline/rota/firewall)
kapacitor-01-apm.prd.iot ,Sem ICMP e SSH (possível offline/rota/firewall)
kapacitor-02-apm.prd.iot ,Sem ICMP e SSH (possível offline/rota/firewall)
KBNPL01 ,ICMP bloqueado (sem ping)
ksql-moniot-hml01 ,Sem ICMP e SSH (possível offline/rota/firewall)
ksql-moniot-hml02 ,Sem ICMP e SSH (possível offline/rota/firewall)
lb-api-01.prd.iot ,Sem ICMP e SSH (possível offline/rota/firewall)
lb-api-hom-iot ,ICMP bloqueado (sem ping)
LDAP-prd01 ,Sem ICMP e SSH (possível offline/rota/firewall)
LDAP-prd02 ,Sem ICMP e SSH (possível offline/rota/firewall)
LDAP-SDWAN-PRD02 ,Sem ICMP e SSH (possível offline/rota/firewall)
LDAP-STG01 ,Sem ICMP e SSH (possível offline/rota/firewall)
link-prd01 ,Sem ICMP e SSH (possível offline/rota/firewall)
logging_host ,Sem ICMP e SSH (possível offline/rota/firewall)
logs-moniot-prd01 ,Sem ICMP e SSH (possível offline/rota/firewall)
loja-prd01 ,Sem ICMP e SSH (possível offline/rota/firewall)
lvr-digital-hml01 ,ICMP bloqueado (sem ping)
lvr-digital-prd01 ,ICMP bloqueado (sem ping)
lxjboss01 ,Sem ICMP e SSH (possível offline/rota/firewall)
mailing-hom-app01.tenant0008 ,Sem ICMP e SSH (possível offline/rota/firewall)
mailing-prd-app01.tenant0008 ,Sem ICMP e SSH (possível offline/rota/firewall)
masterhx01 ,Sem ICMP e SSH (possível offline/rota/firewall)
MCP-SERVER01 ,Sem ICMP e SSH (possível offline/rota/firewall)
memcached-hom01.tenant0008 ,Sem ICMP e SSH (possível offline/rota/firewall)
memcached-prd01.tenant0008 ,Sem ICMP e SSH (possível offline/rota/firewall)
messageria2.planeta.net ,Sem ICMP e SSH (possível offline/rota/firewall)
messageria3 ,Sem ICMP e SSH (possível offline/rota/firewall)
messageria4 ,Sem ICMP e SSH (possível offline/rota/firewall)
metrics-moniot-prd01 ,Sem ICMP e SSH (possível offline/rota/firewall)
mgmt-moniot-hml01 ,Sem ICMP e SSH (possível offline/rota/firewall)
mgmt-moniot-prd01 ,Sem ICMP e SSH (possível offline/rota/firewall)
mobile-data-hom2-1 ,Sem ICMP e SSH (possível offline/rota/firewall)
mobile-data-hom2-2 ,Sem ICMP e SSH (possível offline/rota/firewall)
mobile-data-p1 ,Sem ICMP e SSH (possível offline/rota/firewall)
mobile-data-p10 ,Sem ICMP e SSH (possível offline/rota/firewall)
mobile-data-p11 ,Sem ICMP e SSH (possível offline/rota/firewall)
mobile-data-p12 ,Sem ICMP e SSH (possível offline/rota/firewall)
mobile-data-p13 ,Sem ICMP e SSH (possível offline/rota/firewall)
mobile-data-p14 ,Sem ICMP e SSH (possível offline/rota/firewall)
mobile-data-p15 ,Sem ICMP e SSH (possível offline/rota/firewall)
mobile-data-p16 ,Sem ICMP e SSH (possível offline/rota/firewall)
mobile-data-p2 ,Sem ICMP e SSH (possível offline/rota/firewall)
mobile-data-p3 ,Sem ICMP e SSH (possível offline/rota/firewall)
mobile-data-p4 ,Sem ICMP e SSH (possível offline/rota/firewall)
mobile-data-p5 ,Sem ICMP e SSH (possível offline/rota/firewall)
mobile-data-p6 ,Sem ICMP e SSH (possível offline/rota/firewall)
mobile-data-p7 ,Sem ICMP e SSH (possível offline/rota/firewall)
mobile-data-p8 ,Sem ICMP e SSH (possível offline/rota/firewall)
mobile-data-p9 ,Sem ICMP e SSH (possível offline/rota/firewall)
mobile-data-prd-1 ,Sem ICMP e SSH (possível offline/rota/firewall)
mobile-data-prd-10 ,Sem ICMP e SSH (possível offline/rota/firewall)
mobile-data-prd-11 ,Sem ICMP e SSH (possível offline/rota/firewall)
mobile-data-prd-12 ,Sem ICMP e SSH (possível offline/rota/firewall)
mobile-data-prd-13 ,Sem ICMP e SSH (possível offline/rota/firewall)
mobile-data-prd-14 ,Sem ICMP e SSH (possível offline/rota/firewall)
mobile-data-prd-15 ,Sem ICMP e SSH (possível offline/rota/firewall)
mobile-data-prd-16 ,Sem ICMP e SSH (possível offline/rota/firewall)
mobile-data-prd-2 ,Sem ICMP e SSH (possível offline/rota/firewall)
mobile-data-prd-3 ,Sem ICMP e SSH (possível offline/rota/firewall)
mobile-data-prd-4 ,Sem ICMP e SSH (possível offline/rota/firewall)
mobile-data-prd-5 ,Sem ICMP e SSH (possível offline/rota/firewall)
mobile-data-prd-6 ,Sem ICMP e SSH (possível offline/rota/firewall)
mobile-data-prd-7 ,Sem ICMP e SSH (possível offline/rota/firewall)
mobile-data-prd-8 ,Sem ICMP e SSH (possível offline/rota/firewall)
mobile-data-prd-9 ,Sem ICMP e SSH (possível offline/rota/firewall)
Mobile-voice-hom2-1.scp ,Sem ICMP e SSH (possível offline/rota/firewall)
Mobile-voice-hom2-2.scp ,Sem ICMP e SSH (possível offline/rota/firewall)
mobile-voice-prd-10 ,Sem ICMP e SSH (possível offline/rota/firewall)
mobile-voice-prd-11 ,Sem ICMP e SSH (possível offline/rota/firewall)
mobile-voice-prd-12 ,Sem ICMP e SSH (possível offline/rota/firewall)
mobile-voice-prd-13 ,Sem ICMP e SSH (possível offline/rota/firewall)
mobile-voice-prd-14 ,Sem ICMP e SSH (possível offline/rota/firewall)
mobile-voice-prd-15 ,Sem ICMP e SSH (possível offline/rota/firewall)
mobile-voice-prd-16 ,Sem ICMP e SSH (possível offline/rota/firewall)
mobile-voice-prd-2 ,Sem ICMP e SSH (possível offline/rota/firewall)
mobile-voice-prd-3 ,Sem ICMP e SSH (possível offline/rota/firewall)
mobile-voice-prd-5 ,Sem ICMP e SSH (possível offline/rota/firewall)
mobile-voice-prd-6 ,Sem ICMP e SSH (possível offline/rota/firewall)
mobile-voice-prd-7 ,Sem ICMP e SSH (possível offline/rota/firewall)
mobile-voice-prd-8 ,Sem ICMP e SSH (possível offline/rota/firewall)
mobile-voice-prd-9 ,Sem ICMP e SSH (possível offline/rota/firewall)
mon_pain_ince_prd01 ,Sem ICMP e SSH (possível offline/rota/firewall)
mon-estoque-eng ,Sem ICMP e SSH (possível offline/rota/firewall)
mongo-moniot-prd01 ,ICMP bloqueado (sem ping)
mongo-moniot-prd02 ,ICMP bloqueado (sem ping)
mongo-moniot-prd03 ,ICMP bloqueado (sem ping)
mongo-moniot-prd04 ,ICMP bloqueado (sem ping)
moni-odin-hml02 ,Sem ICMP e SSH (possível offline/rota/firewall)
movel-radius-prd01.osc ,Sem ICMP e SSH (possível offline/rota/firewall)
ms-01-portal-hom-iot ,ICMP bloqueado (sem ping)
ms-02-portal-hom-iot ,ICMP bloqueado (sem ping)
msql01 ,Sem ICMP e SSH (possível offline/rota/firewall)
msqlhx01 ,Sem ICMP e SSH (possível offline/rota/firewall)
multi-cloud-prd02.tenant0029 ,Sem ICMP e SSH (possível offline/rota/firewall)
mxtic-prd01 ,Sem ICMP e SSH (possível offline/rota/firewall)
mysqla1-moniot-prd01 ,ICMP bloqueado (sem ping)
mysqla2-moniot-prd02 ,ICMP bloqueado (sem ping)
mysqla2-moniot-prd03 ,Sem ICMP e SSH (possível offline/rota/firewall)
mysql-moniot-hml01 ,ICMP bloqueado (sem ping)
mysql-moniot-prd01 ,Sem ICMP e SSH (possível offline/rota/firewall)
mysql-moniot-prd02 ,Sem ICMP e SSH (possível offline/rota/firewall)
mysql-moniot-prd03 ,Sem ICMP e SSH (possível offline/rota/firewall)
mysql-moniot-prd04 ,Sem ICMP e SSH (possível offline/rota/firewall)
nbumedia03 ,Sem ICMP e SSH (possível offline/rota/firewall)
nc-apm-hml02 ,Sem ICMP e SSH (possível offline/rota/firewall)
nc-colb1-prd01 ,Sem ICMP e SSH (possível offline/rota/firewall)
nc-colp1-hml02 ,Sem ICMP e SSH (possível offline/rota/firewall)
nc-colp1-prd01 ,Sem ICMP e SSH (possível offline/rota/firewall)
nc-dashboards-hml01 ,SSH 22 fechado/filtrado
nc-dashboards-hml02 ,Sem ICMP e SSH (possível offline/rota/firewall)
nc-eventanalitics-webgui-hml01 ,SSH 22 fechado/filtrado
nc-probes-hml02 ,Sem ICMP e SSH (possível offline/rota/firewall)
netctpx01.network.ctbc ,Sem ICMP e SSH (possível offline/rota/firewall)
nodehx02 ,Sem ICMP e SSH (possível offline/rota/firewall)
node-red-hom01 ,Sem ICMP e SSH (possível offline/rota/firewall)
node-red-prd01 ,Sem ICMP e SSH (possível offline/rota/firewall)
npapptit01 ,ICMP bloqueado (sem ping)
npi-clients-prd01- ,Sem ICMP e SSH (possível offline/rota/firewall)
npp-identity-prd01 ,Sem ICMP e SSH (possível offline/rota/firewall)
npp-identity-prd02 ,Sem ICMP e SSH (possível offline/rota/firewall)
npp-inap-spo-piaf-prd05 ,Sem ICMP e SSH (possível offline/rota/firewall)
npp-inap-spo-piaf-prd06 ,Sem ICMP e SSH (possível offline/rota/firewall)
npp-inap-spo-piaf-prd07 ,Sem ICMP e SSH (possível offline/rota/firewall)
npp-inap-spo-piaf-prd08 ,Sem ICMP e SSH (possível offline/rota/firewall)
npp-inap-ula-236-prd01 ,Sem ICMP e SSH (possível offline/rota/firewall)
npp-inap-ula-236-prd02 ,Sem ICMP e SSH (possível offline/rota/firewall)
npp-inap-ula-236-prd03 ,Sem ICMP e SSH (possível offline/rota/firewall)
npp-inap-ula-236-prd04 ,Sem ICMP e SSH (possível offline/rota/firewall)
npp-inap-ula-236-prd05 ,Sem ICMP e SSH (possível offline/rota/firewall)
npp-inap-ula-236-prd06 ,Sem ICMP e SSH (possível offline/rota/firewall)
npp-inap-ula-236-prd07 ,Sem ICMP e SSH (possível offline/rota/firewall)
npp-inap-ula-236-prd08 ,Sem ICMP e SSH (possível offline/rota/firewall)
npp-inap-ula-238-prd01 ,Sem ICMP e SSH (possível offline/rota/firewall)
npp-inap-ula-238-prd02 ,Sem ICMP e SSH (possível offline/rota/firewall)
npp-inap-ula-238-prd03 ,Sem ICMP e SSH (possível offline/rota/firewall)
npp-inap-ula-238-prd04 ,Sem ICMP e SSH (possível offline/rota/firewall)
npp-inap-ula-238-prd05 ,Sem ICMP e SSH (possível offline/rota/firewall)
npp-inap-ula-238-prd06 ,Sem ICMP e SSH (possível offline/rota/firewall)
npp-inap-ula-238-prd07 ,Sem ICMP e SSH (possível offline/rota/firewall)
npp-inap-ula-238-prd08 ,Sem ICMP e SSH (possível offline/rota/firewall)
npp-log-agregator-prd01 ,Sem ICMP e SSH (possível offline/rota/firewall)
npp-map-spo-piaf-prd012 ,Sem ICMP e SSH (possível offline/rota/firewall)
npp-map-spo-piaf-prd013 ,Sem ICMP e SSH (possível offline/rota/firewall)
npp-map-spo-piaf-prd07 ,Sem ICMP e SSH (possível offline/rota/firewall)
npp-map-spo-piaf-prd09 ,Sem ICMP e SSH (possível offline/rota/firewall)
npp-map-spo-piaf-prd10 ,Sem ICMP e SSH (possível offline/rota/firewall)
npp-map-spo-piaf-prd11 ,Sem ICMP e SSH (possível offline/rota/firewall)
npp-map-spo-piaf-prd14 ,Sem ICMP e SSH (possível offline/rota/firewall)
npp-map-spo-piaf-prd15 ,Sem ICMP e SSH (possível offline/rota/firewall)
npp-map-spo-piaf-prd16 ,Sem ICMP e SSH (possível offline/rota/firewall)
npp-map-ula-236-prd01 ,Sem ICMP e SSH (possível offline/rota/firewall)
npp-map-ula-236-prd02 ,Sem ICMP e SSH (possível offline/rota/firewall)
npp-map-ula-236-prd03 ,Sem ICMP e SSH (possível offline/rota/firewall)
npp-map-ula-236-prd04 ,Sem ICMP e SSH (possível offline/rota/firewall)
npp-map-ula-236-prd05 ,Sem ICMP e SSH (possível offline/rota/firewall)
npp-map-ula-236-prd06 ,Sem ICMP e SSH (possível offline/rota/firewall)
npp-map-ula-236-prd07 ,Sem ICMP e SSH (possível offline/rota/firewall)
npp-map-ula-236-prd08 ,Sem ICMP e SSH (possível offline/rota/firewall)
npp-map-ula-238-prd01 ,Sem ICMP e SSH (possível offline/rota/firewall)
npp-map-ula-238-prd02 ,Sem ICMP e SSH (possível offline/rota/firewall)
npp-map-ula-238-prd03 ,Sem ICMP e SSH (possível offline/rota/firewall)
npp-map-ula-238-prd04 ,Sem ICMP e SSH (possível offline/rota/firewall)
npp-map-ula-238-prd05 ,Sem ICMP e SSH (possível offline/rota/firewall)
npp-map-ula-238-prd06 ,Sem ICMP e SSH (possível offline/rota/firewall)
npp-map-ula-238-prd07 ,Sem ICMP e SSH (possível offline/rota/firewall)
npp-map-ula-238-prd08 ,Sem ICMP e SSH (possível offline/rota/firewall)
npp-proxy-prd01 ,Sem ICMP e SSH (possível offline/rota/firewall)
npp-proxy-prd02 ,Sem ICMP e SSH (possível offline/rota/firewall)
npp-replication-prd01 ,Sem ICMP e SSH (possível offline/rota/firewall)
npp-tst-pedrom ,Sem ICMP e SSH (possível offline/rota/firewall)
npp-web-prd01 ,Sem ICMP e SSH (possível offline/rota/firewall)
npp-web-prd02 ,Sem ICMP e SSH (possível offline/rota/firewall)
ns1.cloudalgartelecom.com.br ,Sem ICMP e SSH (possível offline/rota/firewall)
ns1.staging ,Sem ICMP e SSH (possível offline/rota/firewall)
ns2 ,Sem ICMP e SSH (possível offline/rota/firewall)
ns2.staging ,Sem ICMP e SSH (possível offline/rota/firewall)
ntrp-soa-p01 ,Sem ICMP e SSH (possível offline/rota/firewall)
ntr-soa-p02 ,Sem ICMP e SSH (possível offline/rota/firewall)
obadb.staging ,Sem ICMP e SSH (possível offline/rota/firewall)
observion-sec_v267 ,Sem ICMP e SSH (possível offline/rota/firewall)
ocs-dbrac-236-prd03.ocs.algartelecom.com.br ,Sem ICMP e SSH (possível offline/rota/firewall)
ocs-dbrac-238-dg01.ocs.algartelecom.com.br ,Sem ICMP e SSH (possível offline/rota/firewall)
ocs-dbrac-238-dg03.ocs.algartelecom.com.br ,Sem ICMP e SSH (possível offline/rota/firewall)
ocs-dbrac-238-dg04.ocs.algartelecom.com.br ,Sem ICMP e SSH (possível offline/rota/firewall)
offline-prd-1 ,Sem ICMP e SSH (possível offline/rota/firewall)
onmsi-server-prd01 ,Sem ICMP e SSH (possível offline/rota/firewall)
ooam.cloudalgartelecom.com.br ,Sem ICMP e SSH (possível offline/rota/firewall)
out-proxy-connect-hml01 ,Sem ICMP e SSH (possível offline/rota/firewall)
out-proxy-connect-prd01 ,Sem ICMP e SSH (possível offline/rota/firewall)
padtec-nms-prd01 ,Sem ICMP e SSH (possível offline/rota/firewall)
painelbss ,Sem ICMP e SSH (possível offline/rota/firewall)
PaloAlto_api-prd01 ,Sem ICMP e SSH (possível offline/rota/firewall)
pcs44.staging ,Sem ICMP e SSH (possível offline/rota/firewall)
phone2bapp01.intranet ,Sem ICMP e SSH (possível offline/rota/firewall)
phone2b-db01.intranet ,Sem ICMP e SSH (possível offline/rota/firewall)
pix-app-prd01 ,Sem ICMP e SSH (possível offline/rota/firewall)
pl_apl_01.ctbc.com.br ,Sem ICMP e SSH (possível offline/rota/firewall)
PL_MRS-2_v203 ,Sem ICMP e SSH (possível offline/rota/firewall)
PL_MRS-3_v203 ,Sem ICMP e SSH (possível offline/rota/firewall)
PL_MRS-4_v203 ,Sem ICMP e SSH (possível offline/rota/firewall)
pl_sig_24_v203 ,Sem ICMP e SSH (possível offline/rota/firewall)
pl_sig_29_v203_ ,Sem ICMP e SSH (possível offline/rota/firewall)
pl_sig_41_v203 ,Sem ICMP e SSH (possível offline/rota/firewall)
pl4-back-grav-03 ,Sem ICMP e SSH (possível offline/rota/firewall)
pl4-balancer-2 ,Sem ICMP e SSH (possível offline/rota/firewall)
PL4-BALANCER-GRAV-1 ,Sem ICMP e SSH (possível offline/rota/firewall)
PL4-BALANCER-GRAV-2 ,Sem ICMP e SSH (possível offline/rota/firewall)
pl4-db-adm1.planeta.net ,Sem ICMP e SSH (possível offline/rota/firewall)
pl4-gmlc-mob-1.planeta.net ,Sem ICMP e SSH (possível offline/rota/firewall)
pl4-gmlc-mob-2.planeta.net ,Sem ICMP e SSH (possível offline/rota/firewall)
PL4-HOM-NV-APP-2 ,Sem ICMP e SSH (possível offline/rota/firewall)
PL4-HOM-NV-MOB-2 ,Sem ICMP e SSH (possível offline/rota/firewall)
pl4-iotapi-app-prd04 ,Sem ICMP e SSH (possível offline/rota/firewall)
pl4-iotbr-app-prd01 ,Sem ICMP e SSH (possível offline/rota/firewall)
pl4-iotbr-app-prd02 ,Sem ICMP e SSH (possível offline/rota/firewall)
pl4-iotbr-app-prd03 ,Sem ICMP e SSH (possível offline/rota/firewall)
pl4-iotbr-ms-prd01 ,Sem ICMP e SSH (possível offline/rota/firewall)
pl4-iotbr-prd01 ,Sem ICMP e SSH (possível offline/rota/firewall)
pl4-ivr-sdp-mob-1.planeta.net ,Sem ICMP e SSH (possível offline/rota/firewall)
pl4-ivr-sdp-mob-2.planeta.net ,Sem ICMP e SSH (possível offline/rota/firewall)
pl4-ivr-sdp-mob-3.planeta.net ,Sem ICMP e SSH (possível offline/rota/firewall)
pl4-ivr-sdp-mob-4.planeta.net ,Sem ICMP e SSH (possível offline/rota/firewall)
pl4-lce-app-1 ,Sem ICMP e SSH (possível offline/rota/firewall)
pl4-lce-app-2 ,Sem ICMP e SSH (possível offline/rota/firewall)
pl4-lce-app-3 ,Sem ICMP e SSH (possível offline/rota/firewall)
pl4-lce-app-4 ,Sem ICMP e SSH (possível offline/rota/firewall)
pl4-log-indexer-2 ,Sem ICMP e SSH (possível offline/rota/firewall)
pl4-log-kibana-1 ,Sem ICMP e SSH (possível offline/rota/firewall)
PL4-NV-APP-2 ,Sem ICMP e SSH (possível offline/rota/firewall)
PL4-NV-APP-4 ,Sem ICMP e SSH (possível offline/rota/firewall)
PL4-NV-APP-5 ,Sem ICMP e SSH (possível offline/rota/firewall)
PL4-NV-APP-6 ,Sem ICMP e SSH (possível offline/rota/firewall)
pl4-nv-mob-1.planeta.net ,Sem ICMP e SSH (possível offline/rota/firewall)
PL4-NV-MOB-10 ,Sem ICMP e SSH (possível offline/rota/firewall)
PL4-NV-MOB-11 ,Sem ICMP e SSH (possível offline/rota/firewall)
PL4-NV-MOB-12 ,Sem ICMP e SSH (possível offline/rota/firewall)
PL4-NV-MOB-13 ,Sem ICMP e SSH (possível offline/rota/firewall)
PL4-NV-MOB-2_ ,Sem ICMP e SSH (possível offline/rota/firewall)
pl4-nv-mob-3.planeta.net ,Sem ICMP e SSH (possível offline/rota/firewall)
pl4-nv-mob-5.planeta.net ,Sem ICMP e SSH (possível offline/rota/firewall)
pl4-nv-mob-6.planeta.net ,Sem ICMP e SSH (possível offline/rota/firewall)
pl4-nv-mob-7.planeta.net ,Sem ICMP e SSH (possível offline/rota/firewall)
PL4-NV-MOB-9 ,Sem ICMP e SSH (possível offline/rota/firewall)
pl4-oferta-rel-prd01 ,Sem ICMP e SSH (possível offline/rota/firewall)
PL4-PRD-USSD-1 ,Sem ICMP e SSH (possível offline/rota/firewall)
pl5-eventos-prd13 ,Sem ICMP e SSH (possível offline/rota/firewall)
pl5-kannel-1.planeta.net ,Sem ICMP e SSH (possível offline/rota/firewall)
pl5-psql-1.planeta.net ,Sem ICMP e SSH (possível offline/rota/firewall)
pl5-psql-2.planeta.net ,Sem ICMP e SSH (possível offline/rota/firewall)
planeta-idp-hom-1 ,Sem ICMP e SSH (possível offline/rota/firewall)
planeta-idp-hom-2 ,Sem ICMP e SSH (possível offline/rota/firewall)
planeta-idp-prd02 ,Sem ICMP e SSH (possível offline/rota/firewall)
pl-camp-hom-mob-1 ,Sem ICMP e SSH (possível offline/rota/firewall)
pl-camp-hom-mob-2 ,Sem ICMP e SSH (possível offline/rota/firewall)
pl-central-hom-1 ,Sem ICMP e SSH (possível offline/rota/firewall)
pl-central-prd-1 ,Sem ICMP e SSH (possível offline/rota/firewall)
pl-central-prd-2 ,Sem ICMP e SSH (possível offline/rota/firewall)
Pl-grav-adm-1 ,Sem ICMP e SSH (possível offline/rota/firewall)
pl-GRAV-SERV-1 ,Sem ICMP e SSH (possível offline/rota/firewall)
pl-GRAV-SERV-2 ,Sem ICMP e SSH (possível offline/rota/firewall)
pl-GRAV-SERV-3 ,Sem ICMP e SSH (possível offline/rota/firewall)
pl-GRAV-SERV-4 ,Sem ICMP e SSH (possível offline/rota/firewall)
pl-GRAV-SERV-5 ,Sem ICMP e SSH (possível offline/rota/firewall)
pl-GRAV-SERV-6 ,Sem ICMP e SSH (possível offline/rota/firewall)
Pl-ivr-app12 ,Sem ICMP e SSH (possível offline/rota/firewall)
Pl-ivr-app13 ,Sem ICMP e SSH (possível offline/rota/firewall)
Pl-ivr-app7 ,Sem ICMP e SSH (possível offline/rota/firewall)
Pl-ivr-app8 ,Sem ICMP e SSH (possível offline/rota/firewall)
pl-message-prd-4 ,Sem ICMP e SSH (possível offline/rota/firewall)
pl-prd-logging-interface-2 ,Sem ICMP e SSH (possível offline/rota/firewall)
pl-prd-search-engine-1 ,Sem ICMP e SSH (possível offline/rota/firewall)
pl-prd-search-engine-2 ,Sem ICMP e SSH (possível offline/rota/firewall)
pl-prd-search-engine-3 ,Sem ICMP e SSH (possível offline/rota/firewall)
pl-sdp-v4-adm-1 ,Sem ICMP e SSH (possível offline/rota/firewall)
pl-sdp-v4-adm-2 ,Sem ICMP e SSH (possível offline/rota/firewall)
pl-sdp-v4-app-10 ,Sem ICMP e SSH (possível offline/rota/firewall)
pl-sdp-v4-app-7 ,Sem ICMP e SSH (possível offline/rota/firewall)
pl-sdp-v4-app-8 ,Sem ICMP e SSH (possível offline/rota/firewall)
pl-sdp-v4-ivr-app-1 ,Sem ICMP e SSH (possível offline/rota/firewall)
pl-sdp-v4-ivr-app-2 ,Sem ICMP e SSH (possível offline/rota/firewall)
pl-sdp-v4-ivr-app-3 ,Sem ICMP e SSH (possível offline/rota/firewall)
pl-sdp-v4-ivr-app-4 ,Sem ICMP e SSH (possível offline/rota/firewall)
pl-sdp-v4-soa-3 ,Sem ICMP e SSH (possível offline/rota/firewall)
pl-sdp-v4-soa-ati-1 ,Sem ICMP e SSH (possível offline/rota/firewall)
PL-SIG_16 ,Sem ICMP e SSH (possível offline/rota/firewall)
pl-sig-13 ,Sem ICMP e SSH (possível offline/rota/firewall)
pl-sig-14 ,Sem ICMP e SSH (possível offline/rota/firewall)
pl-sig-15 ,Sem ICMP e SSH (possível offline/rota/firewall)
pl-sig-26 ,Sem ICMP e SSH (possível offline/rota/firewall)
policy-manager-prd01_v76 ,Sem ICMP e SSH (possível offline/rota/firewall)
portabgw01 ,Sem ICMP e SSH (possível offline/rota/firewall)
portabgw02 ,Sem ICMP e SSH (possível offline/rota/firewall)
portal-clientesb2b-frontend-prd01 ,Sem ICMP e SSH (possível offline/rota/firewall)
portal-clientesb2b-frontend-prd02 ,Sem ICMP e SSH (possível offline/rota/firewall)
portal-correios-prd01 ,Sem ICMP e SSH (possível offline/rota/firewall)
portalctbc04hmg_NEW ,Sem ICMP e SSH (possível offline/rota/firewall)
portalctbc06hmg_NEW ,Sem ICMP e SSH (possível offline/rota/firewall)
portal-odin-hml01 ,Sem ICMP e SSH (possível offline/rota/firewall)
porthx01 ,ICMP bloqueado (sem ping)
porthx02 ,ICMP bloqueado (sem ping)
porthx03 ,ICMP bloqueado (sem ping)
porthx04 ,ICMP bloqueado (sem ping)
porthx05 ,ICMP bloqueado (sem ping)
porthx06 ,ICMP bloqueado (sem ping)
pprox.staging ,Sem ICMP e SSH (possível offline/rota/firewall)
pprox-prd01 ,Sem ICMP e SSH (possível offline/rota/firewall)
proventos-hom-1 ,Sem ICMP e SSH (possível offline/rota/firewall)
provisioning-server-prd01 ,Sem ICMP e SSH (possível offline/rota/firewall)
proxy-01.prd.iot ,Sem ICMP e SSH (possível offline/rota/firewall)
proxy-hom2-1 ,Sem ICMP e SSH (possível offline/rota/firewall)
proxy-prd01 ,Sem ICMP e SSH (possível offline/rota/firewall)
proxy-prd02 ,Sem ICMP e SSH (possível offline/rota/firewall)
proxy-prd-3 ,Sem ICMP e SSH (possível offline/rota/firewall)
proxy-prd-4 ,Sem ICMP e SSH (possível offline/rota/firewall)
prtpndb2bpx01 ,ICMP bloqueado (sem ping)
ptdashpx01 ,Sem ICMP e SSH (possível offline/rota/firewall)
ptloghx01 ,Sem ICMP e SSH (possível offline/rota/firewall)
pv4-camp-adm-1 ,Sem ICMP e SSH (possível offline/rota/firewall)
pv4-camp-db-1 ,ICMP bloqueado (sem ping)
pv4-camp-db-2 ,Sem ICMP e SSH (possível offline/rota/firewall)
pv4-camp-kannel-3 ,Sem ICMP e SSH (possível offline/rota/firewall)
pv4-camp-kannel-4 ,Sem ICMP e SSH (possível offline/rota/firewall)
pv4-camp-mob-1 ,Sem ICMP e SSH (possível offline/rota/firewall)
pv4-camp-mob-2 ,Sem ICMP e SSH (possível offline/rota/firewall)
pv4-camp-wfly-1 ,Sem ICMP e SSH (possível offline/rota/firewall)
pv4-camp-wfly-2 ,Sem ICMP e SSH (possível offline/rota/firewall)
pv4-camp-wso2-1 ,Sem ICMP e SSH (possível offline/rota/firewall)
pv4-camp-wso2-2 ,Sem ICMP e SSH (possível offline/rota/firewall)
ractelecom02-236-prd.dbtelecom.com.br ,Sem ICMP e SSH (possível offline/rota/firewall)
ractelecom03-236-prd.dbtelecom.com.br ,Sem ICMP e SSH (possível offline/rota/firewall)
radius-ciscoar-temp01_v90 ,Sem ICMP e SSH (possível offline/rota/firewall)
radius-iot-acc-hml01 ,Sem ICMP e SSH (possível offline/rota/firewall)
radius-iot-acc-hml02 ,Sem ICMP e SSH (possível offline/rota/firewall)
radius-iot-acc-hml03 ,Sem ICMP e SSH (possível offline/rota/firewall)
radius-iot-acc-prd01 ,Sem ICMP e SSH (possível offline/rota/firewall)
radius-iot-acc-prd02 ,Sem ICMP e SSH (possível offline/rota/firewall)
radius-iot-acc-prd03 ,Sem ICMP e SSH (possível offline/rota/firewall)
radius-iot-auth-hml01 ,Sem ICMP e SSH (possível offline/rota/firewall)
radius-iot-auth-hml02 ,Sem ICMP e SSH (possível offline/rota/firewall)
radius-iot-auth-hml03 ,Sem ICMP e SSH (possível offline/rota/firewall)
radius-iot-auth-prd02 ,Sem ICMP e SSH (possível offline/rota/firewall)
radius-iot-auth-prd03 ,Sem ICMP e SSH (possível offline/rota/firewall)
Rancher-Admin-prd01 ,Sem ICMP e SSH (possível offline/rota/firewall)
Rancher-Admin-prd02 ,Sem ICMP e SSH (possível offline/rota/firewall)
Rancher-Admin-prd03 ,Sem ICMP e SSH (possível offline/rota/firewall)
Rancher-master-prd01 ,Sem ICMP e SSH (possível offline/rota/firewall)
Rancher-master-prd02 ,Sem ICMP e SSH (possível offline/rota/firewall)
Rancher-master-prd03 ,Sem ICMP e SSH (possível offline/rota/firewall)
Rancher-master-stg01 ,Sem ICMP e SSH (possível offline/rota/firewall)
Rancher-master-stg02 ,Sem ICMP e SSH (possível offline/rota/firewall)
Rancher-master-stg03 ,Sem ICMP e SSH (possível offline/rota/firewall)
Rancher-worker-prd01 ,Sem ICMP e SSH (possível offline/rota/firewall)
Rancher-worker-prd02 ,Sem ICMP e SSH (possível offline/rota/firewall)
Rancher-worker-prd03 ,Sem ICMP e SSH (possível offline/rota/firewall)
Rancher-worker-prd04 ,Sem ICMP e SSH (possível offline/rota/firewall)
Rancher-worker-stg01 ,Sem ICMP e SSH (possível offline/rota/firewall)
Rancher-worker-stg02 ,Sem ICMP e SSH (possível offline/rota/firewall)
Rancher-worker-stg03 ,Sem ICMP e SSH (possível offline/rota/firewall)
Rancher-worker-stg04 ,Sem ICMP e SSH (possível offline/rota/firewall)
rbt-dbsrv-prd01-236_v203_v632 ,Sem ICMP e SSH (possível offline/rota/firewall)
rbt-mediasrv-prd01-236_v203_v632 ,Sem ICMP e SSH (possível offline/rota/firewall)
rbt-proxysrv-prd01-236_v203_v632 ,Sem ICMP e SSH (possível offline/rota/firewall)
replicadb.cloudalgartelecom ,Sem ICMP e SSH (possível offline/rota/firewall)
replicadb.staging ,Sem ICMP e SSH (possível offline/rota/firewall)
repol01 ,Sem ICMP e SSH (possível offline/rota/firewall)
reposit-front-lgpd-hml01 ,Sem ICMP e SSH (possível offline/rota/firewall)
rhua ,ICMP bloqueado (sem ping)
scm-01.prd.iot ,Sem ICMP e SSH (possível offline/rota/firewall)
scp-gw-diameter-prd-1 ,Sem ICMP e SSH (possível offline/rota/firewall)
scp-gw-diameter-prd-3 ,Sem ICMP e SSH (possível offline/rota/firewall)
scp-gw-diameter-prd-6 ,Sem ICMP e SSH (possível offline/rota/firewall)
scp-gw-http-hom2-1 ,Sem ICMP e SSH (possível offline/rota/firewall)
scp-gw-http-hom2-2 ,Sem ICMP e SSH (possível offline/rota/firewall)
scp-gw-http-prd-2 ,Sem ICMP e SSH (possível offline/rota/firewall)
scp-gw-http-prd-3 ,Sem ICMP e SSH (possível offline/rota/firewall)
scp-gw-http-prd-5 ,Sem ICMP e SSH (possível offline/rota/firewall)
scp-gw-http-prd-6 ,Sem ICMP e SSH (possível offline/rota/firewall)
sdr-server-captura ,Sem ICMP e SSH (possível offline/rota/firewall)
sds-monitor-236-prd01 ,Sem ICMP e SSH (possível offline/rota/firewall)
sendsms-hom2-1 ,Sem ICMP e SSH (possível offline/rota/firewall)
sendsms-hom2-2 ,Sem ICMP e SSH (possível offline/rota/firewall)
sendsms-prd-1 ,Sem ICMP e SSH (possível offline/rota/firewall)
sendsms-prd-2 ,Sem ICMP e SSH (possível offline/rota/firewall)
server-analytics-prd01 ,Sem ICMP e SSH (possível offline/rota/firewall)
server-trace ,Sem ICMP e SSH (possível offline/rota/firewall)
server-trace_prd01 ,Sem ICMP e SSH (possível offline/rota/firewall)
server-trace_prd02 ,Sem ICMP e SSH (possível offline/rota/firewall)
server-trace-10 ,Sem ICMP e SSH (possível offline/rota/firewall)
server-trace-fac ,Sem ICMP e SSH (possível offline/rota/firewall)
server-trace-piag-prd09 ,Sem ICMP e SSH (possível offline/rota/firewall)
server-trace-ula07 ,Sem ICMP e SSH (possível offline/rota/firewall)
server-trace-ula08 ,Sem ICMP e SSH (possível offline/rota/firewall)
services-hom2-1 ,Sem ICMP e SSH (possível offline/rota/firewall)
services-hom2-2 ,Sem ICMP e SSH (possível offline/rota/firewall)
services-prd-2 ,Sem ICMP e SSH (possível offline/rota/firewall)
Servidor-RC-PHONE2BAPP02 ,Sem ICMP e SSH (possível offline/rota/firewall)
servidor-topologia-digital-prd01 ,Sem ICMP e SSH (possível offline/rota/firewall)
sgprec01_NEW ,Sem ICMP e SSH (possível offline/rota/firewall)
sipcor-prd01 ,Sem ICMP e SSH (possível offline/rota/firewall)
smartsag-01 ,Sem ICMP e SSH (possível offline/rota/firewall)
smokeping-prd01 ,Sem ICMP e SSH (possível offline/rota/firewall)
smsc2-broker-hml01-ora ,Sem ICMP e SSH (possível offline/rota/firewall)
smsc2-core-receiver-01 ,Sem ICMP e SSH (possível offline/rota/firewall)
smsc2-core-receiver-02 ,Sem ICMP e SSH (possível offline/rota/firewall)
smsc2-core-receiver-03 ,Sem ICMP e SSH (possível offline/rota/firewall)
smsc2-core-receiver-04 ,Sem ICMP e SSH (possível offline/rota/firewall)
smsc2-core-receiver-05 ,Sem ICMP e SSH (possível offline/rota/firewall)
smsc2-core-receiver-06 ,Sem ICMP e SSH (possível offline/rota/firewall)
smsc2-core-receiver-07 ,Sem ICMP e SSH (possível offline/rota/firewall)
smsc2-core-receiver-08 ,Sem ICMP e SSH (possível offline/rota/firewall)
smsc2-core-receiver-09 ,Sem ICMP e SSH (possível offline/rota/firewall)
smsc2-core-receiver-10 ,Sem ICMP e SSH (possível offline/rota/firewall)
smsc2-core-worker-01 ,Sem ICMP e SSH (possível offline/rota/firewall)
smsc2-core-worker-02 ,Sem ICMP e SSH (possível offline/rota/firewall)
smsc2-core-worker-03 ,Sem ICMP e SSH (possível offline/rota/firewall)
smsc2-core-worker-04 ,Sem ICMP e SSH (possível offline/rota/firewall)
smsc2-core-worker-05 ,Sem ICMP e SSH (possível offline/rota/firewall)
smsc2-core-worker-06 ,Sem ICMP e SSH (possível offline/rota/firewall)
smsc2-core-worker-07 ,Sem ICMP e SSH (possível offline/rota/firewall)
smsc2-core-worker-08 ,Sem ICMP e SSH (possível offline/rota/firewall)
smsc2-core-worker-09 ,Sem ICMP e SSH (possível offline/rota/firewall)
smsc2-core-worker-10 ,Sem ICMP e SSH (possível offline/rota/firewall)
smsc2-core-worker-11 ,Sem ICMP e SSH (possível offline/rota/firewall)
smsc2-core-worker-12 ,Sem ICMP e SSH (possível offline/rota/firewall)
smsc2-core-worker-13 ,Sem ICMP e SSH (possível offline/rota/firewall)
smsc2-core-worker-14 ,Sem ICMP e SSH (possível offline/rota/firewall)
smsc2-core-worker-15 ,Sem ICMP e SSH (possível offline/rota/firewall)
smsc2-core-worker-16 ,Sem ICMP e SSH (possível offline/rota/firewall)
smsc2-core-worker-17 ,Sem ICMP e SSH (possível offline/rota/firewall)
smsc2-core-worker-18 ,Sem ICMP e SSH (possível offline/rota/firewall)
smsc2-core-worker-19 ,Sem ICMP e SSH (possível offline/rota/firewall)
smsc2-core-worker-20 ,Sem ICMP e SSH (possível offline/rota/firewall)
smsc2-data-server-hml01 ,Sem ICMP e SSH (possível offline/rota/firewall)
smsc2-map-03.planeta.net ,Sem ICMP e SSH (possível offline/rota/firewall)
smsc2-map-04.planeta.net ,Sem ICMP e SSH (possível offline/rota/firewall)
smsc2-map-hml01 ,Sem ICMP e SSH (possível offline/rota/firewall)
smsc2-map-hml02 ,Sem ICMP e SSH (possível offline/rota/firewall)
smsc2-proxy-01 ,Sem ICMP e SSH (possível offline/rota/firewall)
smsc2-proxy-02 ,Sem ICMP e SSH (possível offline/rota/firewall)
smsc2-proxy-hml01 ,Sem ICMP e SSH (possível offline/rota/firewall)
smsc2-proxy-hml02 ,Sem ICMP e SSH (possível offline/rota/firewall)
smsc2-receiver-hml01 ,Sem ICMP e SSH (possível offline/rota/firewall)
smsc2-receiver-hml02 ,Sem ICMP e SSH (possível offline/rota/firewall)
smsc2-services-01 ,Sem ICMP e SSH (possível offline/rota/firewall)
smsc2-services-02 ,Sem ICMP e SSH (possível offline/rota/firewall)
smsc2-services-03 ,Sem ICMP e SSH (possível offline/rota/firewall)
smsc2-services-04 ,Sem ICMP e SSH (possível offline/rota/firewall)
smsc2-services-hml01 ,Sem ICMP e SSH (possível offline/rota/firewall)
smsc2-services-hml02 ,Sem ICMP e SSH (possível offline/rota/firewall)
smsc2-smpp-01 ,Sem ICMP e SSH (possível offline/rota/firewall)
smsc2-smpp-02 ,Sem ICMP e SSH (possível offline/rota/firewall)
smsc2-smpp-03 ,Sem ICMP e SSH (possível offline/rota/firewall)
smsc2-smpp-04.planeta.net ,Sem ICMP e SSH (possível offline/rota/firewall)
smsc2-smpp-06 ,Sem ICMP e SSH (possível offline/rota/firewall)
smsc2-smpp-hml01 ,Sem ICMP e SSH (possível offline/rota/firewall)
smsc2-smpp-hml02 ,Sem ICMP e SSH (possível offline/rota/firewall)
smsc2-smpp-hml03 ,Sem ICMP e SSH (possível offline/rota/firewall)
smsc2-worker-hml-1 ,Sem ICMP e SSH (possível offline/rota/firewall)
smsc2-worker-hml-2 ,Sem ICMP e SSH (possível offline/rota/firewall)
smsc-broker ,Sem ICMP e SSH (possível offline/rota/firewall)
smsc-core-worker-3 ,Sem ICMP e SSH (possível offline/rota/firewall)
smsc-core-worker-4 ,Sem ICMP e SSH (possível offline/rota/firewall)
smsc-core-worker-5 ,Sem ICMP e SSH (possível offline/rota/firewall)
smsc-core-worker-6 ,Sem ICMP e SSH (possível offline/rota/firewall)
smsc-core-worker-7 ,Sem ICMP e SSH (possível offline/rota/firewall)
smsc-core-worker-8 ,Sem ICMP e SSH (possível offline/rota/firewall)
smsc-data-server-1 ,Sem ICMP e SSH (possível offline/rota/firewall)
smsc-data-server-2 ,Sem ICMP e SSH (possível offline/rota/firewall)
smsc-hazelcast-1.planeta.net ,Sem ICMP e SSH (possível offline/rota/firewall)
smsc-hazelcast-2.planeta.net ,Sem ICMP e SSH (possível offline/rota/firewall)
smsc-hazelcast-3.planeta.net ,Sem ICMP e SSH (possível offline/rota/firewall)
smsc-hazelcast-4.planeta.net ,Sem ICMP e SSH (possível offline/rota/firewall)
smsc-hazelcast-5.planeta.net ,Sem ICMP e SSH (possível offline/rota/firewall)
smsc-map-prd-1 ,Sem ICMP e SSH (possível offline/rota/firewall)
smtp01 ,Sem ICMP e SSH (possível offline/rota/firewall)
soawsohom01 ,ICMP bloqueado (sem ping)
soawsohom02 ,ICMP bloqueado (sem ping)
som-prd-elk02 ,Sem ICMP e SSH (possível offline/rota/firewall)
spacecor ,Sem ICMP e SSH (possível offline/rota/firewall)
spacewalk-repo-prd01_v203 ,Sem ICMP e SSH (possível offline/rota/firewall)
spark-prd-worker01 ,Sem ICMP e SSH (possível offline/rota/firewall)
sportal-prd01 ,Sem ICMP e SSH (possível offline/rota/firewall)
sps3-app-hml01-iot ,Sem ICMP e SSH (possível offline/rota/firewall)
sps3-app-hml02.iot ,Sem ICMP e SSH (possível offline/rota/firewall)
sps3-app-prd01-iot ,Sem ICMP e SSH (possível offline/rota/firewall)
sps3-app-prd02-iot ,Sem ICMP e SSH (possível offline/rota/firewall)
sps-hom-ws01New ,Sem ICMP e SSH (possível offline/rota/firewall)
sps-hom-ws02New ,Sem ICMP e SSH (possível offline/rota/firewall)
sps-prd-ws01-NEW ,Sem ICMP e SSH (possível offline/rota/firewall)
sps-prd-ws02New ,Sem ICMP e SSH (possível offline/rota/firewall)
srvphp-dev_NEW ,Sem ICMP e SSH (possível offline/rota/firewall)
SSM-prd01 ,Sem ICMP e SSH (possível offline/rota/firewall)
stream-moniot-hml01-NEW ,Sem ICMP e SSH (possível offline/rota/firewall)
stream-moniot-hml02 ,Sem ICMP e SSH (possível offline/rota/firewall)
stream-moniot-hml03 ,Sem ICMP e SSH (possível offline/rota/firewall)
stream-moniot-prd01 ,Sem ICMP e SSH (possível offline/rota/firewall)
stream-moniot-prd02 ,Sem ICMP e SSH (possível offline/rota/firewall)
stream-moniot-prd03 ,Sem ICMP e SSH (possível offline/rota/firewall)
stream-moniot-prd04 ,Sem ICMP e SSH (possível offline/rota/firewall)
stream-moniot-prd05 ,Sem ICMP e SSH (possível offline/rota/firewall)
stream-moniot-prd06 ,Sem ICMP e SSH (possível offline/rota/firewall)
stream-moniot-prd07 ,Sem ICMP e SSH (possível offline/rota/firewall)
subversion_NEW ,Sem ICMP e SSH (possível offline/rota/firewall)
syslog-correios-prd01 ,Sem ICMP e SSH (possível offline/rota/firewall)
syslog-srv01 ,Sem ICMP e SSH (possível offline/rota/firewall)
tam-01.planeta.net ,Sem ICMP e SSH (possível offline/rota/firewall)
tcr-franca-prd01 ,Sem ICMP e SSH (possível offline/rota/firewall)
tcr-franca-prd02 ,Sem ICMP e SSH (possível offline/rota/firewall)
tcr-spo-prd01 ,Sem ICMP e SSH (possível offline/rota/firewall)
tcr-spo-prd02 ,Sem ICMP e SSH (possível offline/rota/firewall)
tcr-ula-prd01 ,Sem ICMP e SSH (possível offline/rota/firewall)
tcr-ula-prd02 ,Sem ICMP e SSH (possível offline/rota/firewall)
tcr-ula-prd03 ,Sem ICMP e SSH (possível offline/rota/firewall)
teams-vsession-prd01 ,Sem ICMP e SSH (possível offline/rota/firewall)
teams-vsession-prd05 ,Sem ICMP e SSH (possível offline/rota/firewall)
teams-vsession-prd06 ,Sem ICMP e SSH (possível offline/rota/firewall)
telegraf-gateway-01.prd.iot ,Sem ICMP e SSH (possível offline/rota/firewall)
telegraf-gateway-02.prd.iot ,Sem ICMP e SSH (possível offline/rota/firewall)
Terra-Form-prd01 ,Sem ICMP e SSH (possível offline/rota/firewall)
terra-form-stg01 ,Sem ICMP e SSH (possível offline/rota/firewall)
tf-jenkins-crm-prd01 ,Sem ICMP e SSH (possível offline/rota/firewall)
tic-adm-bb-prd01 ,Sem ICMP e SSH (possível offline/rota/firewall)
TNMSPX01 ,Sem ICMP e SSH (possível offline/rota/firewall)
TNMSPX02 ,Sem ICMP e SSH (possível offline/rota/firewall)
tokenhom01NEW ,Sem ICMP e SSH (possível offline/rota/firewall)
tokenhom02New ,Sem ICMP e SSH (possível offline/rota/firewall)
tomcatas01hom_NEW ,Sem ICMP e SSH (possível offline/rota/firewall)
tomcatasprd02_NEW ,Sem ICMP e SSH (possível offline/rota/firewall)
toolstelecom06 ,Sem ICMP e SSH (possível offline/rota/firewall)
toolstelecom1_NEW ,Sem ICMP e SSH (possível offline/rota/firewall)
toolstelecom2_NEW ,Sem ICMP e SSH (possível offline/rota/firewall)
tools-telecom-cel03-prd_NEW ,Sem ICMP e SSH (possível offline/rota/firewall)
tools-telecom-cel04-prd_NEW ,Sem ICMP e SSH (possível offline/rota/firewall)
toolstelecom-cel-prd01_v203 ,Sem ICMP e SSH (possível offline/rota/firewall)
toolstelecom-cel-prd02_v203 ,Sem ICMP e SSH (possível offline/rota/firewall)
toolstelecom-cel-prd05_v203 ,Sem ICMP e SSH (possível offline/rota/firewall)
toolstelecom-cel-prd06_v203 ,Sem ICMP e SSH (possível offline/rota/firewall)
toolstelecom-cel-prd07_v203 ,Sem ICMP e SSH (possível offline/rota/firewall)
tpdu02 ,Sem ICMP e SSH (possível offline/rota/firewall)
tpdu03 ,Sem ICMP e SSH (possível offline/rota/firewall)
tpdu04 ,Sem ICMP e SSH (possível offline/rota/firewall)
tpdu05 ,Sem ICMP e SSH (possível offline/rota/firewall)
tpdu06 ,Sem ICMP e SSH (possível offline/rota/firewall)
tpdu07 ,Sem ICMP e SSH (possível offline/rota/firewall)
tpdu08 ,Sem ICMP e SSH (possível offline/rota/firewall)
Tr069-Balancer-PRD01 ,Sem ICMP e SSH (possível offline/rota/firewall)
tr069-logs-hml01 ,Sem ICMP e SSH (possível offline/rota/firewall)
tr069-logs-prd01 ,Sem ICMP e SSH (possível offline/rota/firewall)
traffic-analyser-prd01 ,Sem ICMP e SSH (possível offline/rota/firewall)
traffic-analyser-prd02 ,Sem ICMP e SSH (possível offline/rota/firewall)
traffic-analyser-prd03 ,Sem ICMP e SSH (possível offline/rota/firewall)
traffic-analyser-prd04 ,Sem ICMP e SSH (possível offline/rota/firewall)
traffic-analyser-prd05 ,Sem ICMP e SSH (possível offline/rota/firewall)
traffic-analyser-prd06 ,Sem ICMP e SSH (possível offline/rota/firewall)
traffic-analyser-prd07 ,Sem ICMP e SSH (possível offline/rota/firewall)
traffic-analyser-prd08 ,Sem ICMP e SSH (possível offline/rota/firewall)
traffic-analyser-prd09 ,Sem ICMP e SSH (possível offline/rota/firewall)
tts ,Sem ICMP e SSH (possível offline/rota/firewall)
tts.staging ,Sem ICMP e SSH (possível offline/rota/firewall)
usrv71 ,Sem ICMP e SSH (possível offline/rota/firewall)
ussd-center-01 ,Sem ICMP e SSH (possível offline/rota/firewall)
ussd-center-02 ,Sem ICMP e SSH (possível offline/rota/firewall)
velocidade-spo ,Sem ICMP e SSH (possível offline/rota/firewall)
vEMS-238-2 ,Sem ICMP e SSH (possível offline/rota/firewall)
vertica-prd01-ext4 ,Sem ICMP e SSH (possível offline/rota/firewall)
vertica-prd02-ext4 ,Sem ICMP e SSH (possível offline/rota/firewall)
vertica-prd03-ext4 ,Sem ICMP e SSH (possível offline/rota/firewall)
vertica-prd04.network.ctbc ,ICMP bloqueado (sem ping)
vertica-prd05.network.ctbc ,ICMP bloqueado (sem ping)
vertica-prd06.network.ctbc ,ICMP bloqueado (sem ping)
vigiahx01 ,Sem ICMP e SSH (possível offline/rota/firewall)
vigiapx01 ,Sem ICMP e SSH (possível offline/rota/firewall)
vigiapx02 ,Sem ICMP e SSH (possível offline/rota/firewall)
VM_crm-prd-app02 ,Sem ICMP e SSH (possível offline/rota/firewall)
VM_dmviewedb-spo_v203 ,Sem ICMP e SSH (possível offline/rota/firewall)
VM_dns-cel02-prd ,Sem ICMP e SSH (possível offline/rota/firewall)
VM_eb-hom-app01 ,Sem ICMP e SSH (possível offline/rota/firewall)
VM_eb-hom-app02 ,Sem ICMP e SSH (possível offline/rota/firewall)
VM_eb-hom-ws01 ,Sem ICMP e SSH (possível offline/rota/firewall)
VM_eb-prd-app01 ,Sem ICMP e SSH (possível offline/rota/firewall)
VM_eb-prd-app02 ,Sem ICMP e SSH (possível offline/rota/firewall)
VM_jenkings-devops ,Sem ICMP e SSH (possível offline/rota/firewall)
VM_misp-algar ,Sem ICMP e SSH (possível offline/rota/firewall)
VM_monitoramento-algarcrm-prd01 ,Sem ICMP e SSH (possível offline/rota/firewall)
VM_msfranquia_hml01 ,Sem ICMP e SSH (possível offline/rota/firewall)
VM_msfranquia_hml02 ,Sem ICMP e SSH (possível offline/rota/firewall)
VM_msfranquia_prd01 ,Sem ICMP e SSH (possível offline/rota/firewall)
VM_msfranquia_prd02 ,Sem ICMP e SSH (possível offline/rota/firewall)
VM_oimprdidm1 ,Sem ICMP e SSH (possível offline/rota/firewall)
VM_oimprdidm2 ,Sem ICMP e SSH (possível offline/rota/firewall)
VM_POC_TR069_v203 ,Sem ICMP e SSH (possível offline/rota/firewall)
VM_rhel-repo-cor ,Sem ICMP e SSH (possível offline/rota/firewall)
VM_som-wf-hom01 ,Sem ICMP e SSH (possível offline/rota/firewall)
vm_tarifador_prd01 ,Sem ICMP e SSH (possível offline/rota/firewall)
VM_tr069-utils ,Sem ICMP e SSH (possível offline/rota/firewall)
VM_ubiquiti_prd ,Sem ICMP e SSH (possível offline/rota/firewall)
VM_ula_proxy_02 ,Sem ICMP e SSH (possível offline/rota/firewall)
VM_VGGWPRD01 ,Sem ICMP e SSH (possível offline/rota/firewall)
VM_voipview_web ,Sem ICMP e SSH (possível offline/rota/firewall)
VM_WEBDNS_ALGARSUL ,Sem ICMP e SSH (possível offline/rota/firewall)
VM_webfranquia_hml01 ,Sem ICMP e SSH (possível offline/rota/firewall)
VM_webfranquia_prd01 ,Sem ICMP e SSH (possível offline/rota/firewall)
VM_webfranquia_prd02 ,Sem ICMP e SSH (possível offline/rota/firewall)
VM_wlsim01 ,Sem ICMP e SSH (possível offline/rota/firewall)
VM_zabbix-corp ,Sem ICMP e SSH (possível offline/rota/firewall)
VM_zabbix-dbclientesv2-prd ,Sem ICMP e SSH (possível offline/rota/firewall)
VM_zabbix-poller1-prod05 ,Sem ICMP e SSH (possível offline/rota/firewall)
VM_zabbix-poller1-prod08 ,Sem ICMP e SSH (possível offline/rota/firewall)
vm1.staging ,Sem ICMP e SSH (possível offline/rota/firewall)
vm1hx01 ,Sem ICMP e SSH (possível offline/rota/firewall)
vm1px01 ,Sem ICMP e SSH (possível offline/rota/firewall)
vm-cacti-capacidade3 ,Sem ICMP e SSH (possível offline/rota/firewall)
VM-IPTV-01 ,Sem ICMP e SSH (possível offline/rota/firewall)
VM-NSPAR ,Sem ICMP e SSH (possível offline/rota/firewall)
VM-NSSAR ,Sem ICMP e SSH (possível offline/rota/firewall)
VM-SRVTEL-AV02 ,Sem ICMP e SSH (possível offline/rota/firewall)
webfranquia-hml02 ,ICMP bloqueado (sem ping)
web-ui-hom-app01 ,ICMP bloqueado (sem ping)
web-ui-prd-app01 ,Sem ICMP e SSH (possível offline/rota/firewall)
wiki-repositorio ,Sem ICMP e SSH (possível offline/rota/firewall)
wlsapp01 ,ICMP bloqueado (sem ping)
wlsapp02 ,ICMP bloqueado (sem ping)
wlsservice01 ,ICMP bloqueado (sem ping)
wlsservice02 ,ICMP bloqueado (sem ping)
wlsservice03 ,ICMP bloqueado (sem ping)
wlsservice04 ,ICMP bloqueado (sem ping)
wsodsshom01 ,ICMP bloqueado (sem ping)
wsodsshom02 ,ICMP bloqueado (sem ping)
wsomsghom01 ,ICMP bloqueado (sem ping)
wsomsghom02 ,ICMP bloqueado (sem ping)
wsomysqlhom01 ,ICMP bloqueado (sem ping)
wsomysqlhom01-new ,Sem ICMP e SSH (possível offline/rota/firewall)
xdsl2-des ,Sem ICMP e SSH (possível offline/rota/firewall)
zabbix-cor-srv-prd01_v203 ,Sem ICMP e SSH (possível offline/rota/firewall)
zabbixdb03 ,Sem ICMP e SSH (possível offline/rota/firewall)
zabbixdb07 ,Sem ICMP e SSH (possível offline/rota/firewall)
zabbixdb10 ,Sem ICMP e SSH (possível offline/rota/firewall)
zabbixdbclientes02 ,Sem ICMP e SSH (possível offline/rota/firewall)
zabbixdbfontes_v203 ,Sem ICMP e SSH (possível offline/rota/firewall)
zabbixdbhomo ,Sem ICMP e SSH (possível offline/rota/firewall)
zabbix-mysql-correios-prd01 ,Sem ICMP e SSH (possível offline/rota/firewall)
zabbix-noc-web ,Sem ICMP e SSH (possível offline/rota/firewall)
zabbix-ondemand-hml01 ,Sem ICMP e SSH (possível offline/rota/firewall)
zabbix-poller-cli-prd02 ,Sem ICMP e SSH (possível offline/rota/firewall)
zabbix-poller-cli-prd03 ,Sem ICMP e SSH (possível offline/rota/firewall)
zabbix-poller-cli-prd04 ,ICMP bloqueado (sem ping)
zabbix-poller-cor-prd01_v203 ,Sem ICMP e SSH (possível offline/rota/firewall)
zabbix-poller-cor-prd02_v203 ,Sem ICMP e SSH (possível offline/rota/firewall)
zabbix-poller-correios-prd01 ,Sem ICMP e SSH (possível offline/rota/firewall)
zabbix-poller-itau-prd01 ,Sem ICMP e SSH (possível offline/rota/firewall)
zabbix-poller-tic-app02-desc ,Sem ICMP e SSH (possível offline/rota/firewall)
zabbix-repo ,Sem ICMP e SSH (possível offline/rota/firewall)
zabbix-report-server-hml01 ,Sem ICMP e SSH (possível offline/rota/firewall)
zabbix-sec ,Sem ICMP e SSH (possível offline/rota/firewall)
zabbix-srv-correios-prd01 ,Sem ICMP e SSH (possível offline/rota/firewall)
zabbix-web-prod01 ,Sem ICMP e SSH (possível offline/rota/firewall)
zbxdbapx01 ,Sem ICMP e SSH (possível offline/rota/firewall)
zbxdbapx02 ,Sem ICMP e SSH (possível offline/rota/firewall)
zbxdbapx03 ,Sem ICMP e SSH (possível offline/rota/firewall)
zbxdbtic01 ,Sem ICMP e SSH (possível offline/rota/firewall)
zbxprxtic03 ,Sem ICMP e SSH (possível offline/rota/firewall)
zbxprxtic04 ,Sem ICMP e SSH (possível offline/rota/firewall)
zbxprxticcl ,Sem ICMP e SSH (possível offline/rota/firewall)
zbxsrvtic01 ,Sem ICMP e SSH (possível offline/rota/firewall)
zms-hom02 ,Sem ICMP e SSH (possível offline/rota/firewall)
zteftppx01 ,Sem ICMP e SSH (possível offline/rota/firewall)
