hostname,ip_address
ns1.cloudalgartelecom.com.br,10.0.10.102
pprox-prd01,10.0.10.104
vm-cacti-capacidade3,10.11.0.100
capacidade-prd01,10.11.0.101
gifeprd01_NEW,10.11.128.234
srvphpdes01_NEW,10.11.135.109
cdsprd01,10.11.135.175
dbatools-app01,10.11.136.109
cac-hml03,10.11.136.14
guardians-db-prd01,10.11.136.186
ftp-internal01,10.11.136.238
cacti-prd-corp01,10.11.136.40
wikipx01,10.11.137.220
portal-ponderacoes-b2b-prd01,10.11.137.221
toolstelecom-cel-prd08,10.11.137.223
zabbxhx01,10.11.148.151
ptloghx01,10.11.148.204
ptlogpx01,10.11.148.205
algar-bsc-hom01,10.11.152.151
jbosseap04hom_NEW,10.11.152.79
VM-SRVTEL-AV02,10.12.0.3
sgp01,10.32.10.52
sgp02,10.32.10.53
app-host-resilient-prd01,10.32.10.77
kenanfx-01,10.32.14.174
xdsl2-des,10.32.14.70
guardians-app-hom01,10.32.15.11
guardians-db-hom01,10.32.15.12
jbossas01,10.32.15.121
guardians-adm-hom01,10.32.15.13
sunlight1,10.32.9.253
TNMSPX02,10.5.100.14
ecomm03_NEW,10.50.17.29
gedwebdavhmg01,10.51.10.139
gedwebdavhmg02,10.51.10.140
algarcatprodtit,10.51.10.141
algarcatprodhmg01,10.51.10.142
algarcatprodhmg02,10.51.10.143
algargedtit_NEW,10.51.10.145
algargedhmg01,10.51.10.146
algargedhmg02,10.51.10.147
algargedhmg-rabbit01,10.51.10.150
algargedhmg-rabbit02,10.51.10.151
algarcatprodprd01,10.51.10.173
algarcatprodprd02,10.51.10.174
algargedprd-service01,10.51.10.177
webhom02,10.51.10.41
bkprd02-ptguru2px01,10.51.10.52
grv-prd-app01,10.51.10.61
portalctbc05,10.51.10.67
portalctbc06,10.51.10.68
lxjbossprd01,10.51.10.70
grv-prd-bd01,10.51.10.74
crm-prd-visao01,10.51.10.75
crm-prd-visao02,10.51.10.76
crm-prd-visao03,10.51.10.79
crm-prd-visao04,10.51.10.80
algarbff-prd-app01,10.51.104.162
algarbff-prd-app02,10.51.104.163
algarbff-prd-app03,10.51.104.164
algarbff-hom-app01,10.51.104.178
algarbff-hom-app02,10.51.104.179
ctbcapp01,10.51.11.20
ctbcapp02,10.51.11.21
frontend-sinfra-prd02,10.51.12.194
backend-sinfr-prd01,10.51.12.195
backend-sinfra-hml02,10.51.12.202
frontend-sinfra-hml01,10.51.12.203
follow-tech-prd01,10.51.12.40
cloud-mediacao,10.51.123.200
algar-contact-hom01.tenant0008,10.51.124.130
algar-contact-hom02,10.51.124.131
algar-contact-prd01.tenant0008,10.51.124.132
algar-contact-prd02.tenant0008,10.51.124.133
mailing-hom-app01.tenant0008,10.51.124.135
mailing-prd-app01.tenant0008,10.51.124.136
memcached-hom01.tenant0008,10.51.124.137
memcached-prd01.tenant0008,10.51.124.138
tf-jenkins-crm-prd01,10.51.125.134
api-prd-jenkins01,10.51.125.74
tic-adm-bb-hom01,10.51.126.132
tic-adm-bb-prd01,10.51.126.133
tic-building-blocks-hom01,10.51.126.134
tic-building-blocks-hom02,10.51.126.135
tic-building-blocks-prd01,10.51.126.136
tic-building-blocks-prd02,10.51.126.137
crv-hom-guru01,10.51.126.194
elk-qualidade-prd01,10.51.126.3
elk-qualidade-prd02,10.51.126.4
blazon-adapter-prd01,10.51.127.130
blazon-adm-console-prd01,10.51.127.131
blazon-api-prd01,10.51.127.132
blazon-elastic-prd01,10.51.127.133
blazon-core-prd01,10.51.127.134
blazon-job-prd01,10.51.127.135
blazon-activemq-prd01,10.51.127.137
blazon-workspace-prd01,10.51.127.138
blazon-sql-prd01,10.51.127.139
blazon-workspace-prd02,10.51.127.142
blazon-adm-console-prd02,10.51.127.143
blazon-core-prd02,10.51.127.144
blazon-api-prd02,10.51.127.146
blazon-sql-prd02,10.51.127.150
blazon-adapter-prd02,10.51.127.151
blazon-resetpwd-prd01,10.51.127.155
blazon-resetpwd-prd02,10.51.127.156
acronis-isilon-stg01,10.51.127.199
iss-lgpd-hml01,10.51.127.58
elk-lgpd-hml01,10.51.127.59
portal-titular-lgpd-hml01,10.51.127.60
reposit-front-lgpd-hml01,10.51.127.61
reposit-quality-lgpd-hml01,10.51.127.62
med-ime-hml01,10.51.128.115
som-wf-prd01,10.51.128.195
som-wf-prd02,10.51.128.196
som-wf-prd03,10.51.128.197
VM_som-wf-hom01,10.51.128.227
som-wf-hml02,10.51.128.228
cadastro-app-prd01,10.51.128.98
cadastro-cloud-apps-prd01,10.51.128.99
cadastro-posi-hml01,10.51.129.226
blazon-work-hml01,10.51.129.82
blazon-core-hml01,10.51.129.83
blazon-elastic-hml01,10.51.129.84
blazon-acess-hml01,10.51.129.86
blazon-res-hml01,10.51.129.87
blazon-sql-hml01,10.51.129.88
wlsapp01,10.51.13.10
wlsapp02,10.51.13.11
wlsservice01,10.51.13.12
wlsservice02,10.51.13.13
wlsservice03,10.51.13.25
wlsservice04,10.51.13.27
sps3-app-hml01-iot,10.51.130.130
sps3-app-dev02-iot,10.51.130.163
portal-odin-hml01,10.51.130.178
moni-odin-hml02,10.51.130.179
gaio-app-prd01,10.51.130.226
gaiohx01,10.51.130.235
gaioapppx01,10.51.130.236
gaiodbpx01,10.51.130.237
gaiodbpx02,10.51.130.238
masterhx01,10.51.131.165
masterpx01,10.51.131.181
nodepx01,10.51.131.182
nodepx02,10.51.131.183
pvweb01,10.51.14.10
pix-app-prd01,10.51.17.20
pix-app-prd02,10.51.17.21
pix-app-prd03,10.51.17.22
nschprd02,10.51.2.10
nschprd-bin01,10.51.2.13
cloud-crm,10.51.2.14
cloud-receita,10.51.2.15
algschx01,10.51.2.9
porgwpx02,10.51.21.12
portepx01,10.51.21.13
portepx02,10.51.21.14
bdahomapp02,10.51.21.143
portepx03,10.51.21.15
portmpx01,10.51.21.16
portmpx02,10.51.21.17
portmpx03,10.51.21.18
portmpx04,10.51.21.19
sgprec01_NEW,10.51.21.37
sgp02hom,10.51.21.39
sgp01hom,10.51.21.40
crm-prd-cache01New,10.51.23.139
crm-prd-cache02New,10.51.23.140
crm-prd-app01,10.51.23.141
VM_crm-prd-app02,10.51.23.142
crm-prd-adm01,10.51.23.143
crm-prd-solar02,10.51.23.146
com-prd-app01,10.51.23.149
com-prd-app02,10.51.23.150
b2c-dashboard01,10.51.23.151
com-prd-srv01,10.51.23.153
com-prd-srv02,10.51.23.154
com-prd-cache01,10.51.23.155
com-prd-cache02,10.51.23.156
cont-prd-app01,10.51.23.158
cont-prd-app02,10.51.23.159
crm-prd-rules02,10.51.23.161
crm-prd-app03,10.51.23.162
b2c-prd-maestro01,10.51.23.164
b2c-prd-maestro02,10.51.23.165
b2c-prd-maestro03,10.51.23.166
som-prd-app01,10.51.23.167
som-prd-app02,10.51.23.168
som-prd-wf01,10.51.23.169
som-prd-wf02,10.51.23.170
b2c-indexer01,10.51.23.171
b2c-indexer02,10.51.23.172
crm-prd-app04,10.51.23.177
crm-prd-rules03,10.51.23.180
VM_monitoramento-algarcrm-prd01,10.51.23.182
crm-prd-ws02,10.51.23.184
crm-prd-ws04,10.51.23.186
crm-prd-rules04,10.51.23.187
crm-prd-job03,10.51.23.190
crm-prd-rules05,10.51.23.191
crm-prd-rules06,10.51.23.192
crm-prd-jms01,10.51.23.195
crm-prd-jms02,10.51.23.196
b2c-prd-maestro04,10.51.23.198
b2c-prd-maestro05,10.51.23.199
b2c-prd-maestro06,10.51.23.200
som-prdv2-cache01,10.51.23.202
som-prdv2-cache02,10.51.23.203
som-prdv2-service01,10.51.23.204
som-prdv2-service02,10.51.23.205
som-prdv2-service03,10.51.23.206
som-prdv2-view01,10.51.23.207
som-prdv2-view02,10.51.23.208
som-prdv2-view03,10.51.23.209
IDP-PLSAML01,10.51.23.210
IDP-PLSAML02,10.51.23.211
IDP-PLXACML01,10.51.23.212
IDP-PLXACML02,10.51.23.213
IDP-PLMTG01,10.51.23.214
crm-hom-app01 ,10.51.24.10
crm-hom-cache01,10.51.24.11
crm-hom-cache02,10.51.24.13
crm-hom-adm01,10.51.24.14
com-hom-app01,10.51.24.16
com-hom-srv01,10.51.24.18
com-hom-cache01,10.51.24.19
com-hom-srv02,10.51.24.22
com-hom-cache02,10.51.24.23
crm-hom-solar01,10.51.24.26
crm-hom-solar02,10.51.24.27
cont-hom-app01,10.51.24.29
cont-hom-app02,10.51.24.30
crm-hom-rules02,10.51.24.32
b2c-hom-maestro01,10.51.24.33
b2c-hom-maestro02,10.51.24.34
som-hom-app02,10.51.24.36
som-hom-wf01,10.51.24.37
crm-hom-visao01,10.51.24.44
crm-hom-visao02,10.51.24.46
crm-hom-app03,10.51.24.47
b2c-hom-indexer01,10.51.24.48
b2c-hom-indexer02,10.51.24.49
crm-hom-jms01,10.51.24.50
crm-hom-jms02,10.51.24.51
VM_jenkings-devops,10.51.24.52
IDP-HLSAM01,10.51.24.53
IDP-HLSAM02,10.51.24.54
IDP-HLXACML01,10.51.24.55
IDP-HLXACML02,10.51.24.56
som-hmlv2-cache02,10.51.24.61
som-hmlv2-service01,10.51.24.62
som-hmlv2-service02,10.51.24.63
crm-tit-solar01,10.51.25.137
crm-tst-solar01,10.51.25.140
IDP-TIT-PLAPP01,10.51.25.146
b2c-jenkins,10.51.25.152
cont-tst-app01,10.51.25.159
cont-tit-app01,10.51.25.160
b2c-jenkins02_NEW,10.51.25.165
b2c-tit-maestro01,10.51.25.171
b2c-tst-maestro01,10.51.25.172
som-tit-app01,10.51.25.174
soawsohom01,10.51.26.11
soawsohom02,10.51.26.12
bdaprdapp01,10.51.26.140
bdaprdapp02,10.51.26.141
wsodsshom01,10.51.26.15
wsodsshom02,10.51.26.16
wsomsghom01,10.51.26.17
wsomysqlhom01,10.51.26.19
ELKHL01,10.51.26.30
ELKHL02,10.51.26.31
ELKPL01,10.51.26.32
ELKPL02,10.51.26.33
soawsoprd01,10.51.28.11
soawsoprd02,10.51.28.12
soawsoprd03,10.51.28.13
soawsoprd04,10.51.28.14
wsodssprd01,10.51.28.15
wsodssprd02,10.51.28.16
wsomsgprd01,10.51.28.17
wsomsgprd02,10.51.28.18
wsomysqlprd01,10.51.28.20
ocsinventory-hom,10.51.29.100
ocsinventory-prd-292,10.51.29.103
Cmdb-db-prd01,10.51.29.122
appmobileprd01_NEW,10.51.29.171
appmobileprd02_NEW,10.51.29.172
cacheapp01,10.51.29.176
algarcsmtit,10.51.31.204
algarcsmhmg-parc02,10.51.31.206
algarcsmhmg-portal01,10.51.31.207
tomcatas01hom_NEW,10.51.31.41
tokenhom01NEW,10.51.31.44
tokenhom02New,10.51.31.45
algardeploy-prd01,10.51.31.46
tokenprd01,10.51.31.77
tokenprd02,10.51.31.78
tomcatasprd02_NEW,10.51.31.79
corp-prd-app01,10.51.31.81
ntf-hom-sps01,10.51.34.11
ntf-hom-sps02,10.51.34.12
sps-hom-ws01New,10.51.34.13
sps-hom-ws02New,10.51.34.14
ntf-prd-sps02,10.51.34.43
sps-prd-ws01-NEW,10.51.34.44
sps-prd-ws02New,10.51.34.45
npapptit01,10.51.41.12
porthx02,10.51.41.52
porthx03,10.51.41.53
porthx04,10.51.41.54
porthx05,10.51.41.58
porthx06,10.51.41.59
ebinvoiceprddav01_new,10.51.42.109
mysqldb,10.51.42.30
ebinvoicehmgapp01,10.51.42.75
ebinvoicehmgapp02,10.51.42.76
ebinvoicehmgdav01,10.51.42.77
ebinvoicehmgdav02,10.51.42.78
mysqldbhom,10.51.48.125
web-ui-hom-app01,10.51.48.204
integpx01.network.ctbc,10.51.5.11
vEMS-238-2,10.51.5.12
midprddav02,10.51.51.110
mmetlprd01,10.51.51.143
frauddbprd01,10.51.51.152
cms01-portal-prd,10.51.52.12
cms02-portal-prd,10.51.52.13
portaldb01-portal-prd,10.51.52.21
app01-portal-prd,10.51.52.30
app02-portal-prd,10.51.52.31
ansible-portal-prd01,10.51.52.33
lb-portal-prd01,10.51.52.34
lb-portal-prd02,10.51.52.35
portal-clientesb2b-frontend-prd01,10.51.52.36
portal-clientesb2b-frontend-prd02,10.51.52.37
portal-prd-integrator01,10.51.52.40
portal-hom-integrator01,10.51.52.41
dns-privatecloud-prd01,10.51.54.12
dns-privatecloud-prd02,10.51.54.13
iac-prd-for01,10.51.54.50
iac-prd-for02,10.51.54.51
ictprd01,10.51.65.10
cce-view-prd01,10.51.65.109
imeprd01,10.51.65.11
cce-view-prd02,10.51.65.110
cce-service-prd03,10.51.65.199
cce-service-prd04,10.51.65.200
CCE-ELASTIC-SEARCH-PRD02,10.51.65.209
icthml01,10.51.65.43
imehml01,10.51.65.44
cce-view-hom01,10.51.65.77
cce-view-hom02,10.51.65.78
icpworker-prd01,10.51.75.13
icpworker-prd02,10.51.75.14
icpworker-prd03,10.51.75.15
icpworkerpl-prd01,10.51.75.20
icpworkerpl-prd03,10.51.75.22
icpmgmt-prd01,10.51.75.27
Terra-Form-prd01,10.51.75.30
bpmapp-prd01,10.51.75.33
bpmapp-prd02,10.51.75.34
LDAP-prd01,10.51.75.39
LDAP-prd02,10.51.75.40
bpmdb-prd01,10.51.75.6
vm_tarifador_prd01,10.51.75.61
bpmdb-prd02,10.51.75.7
icpmaster-stg03,10.51.76.10
icpworkerpl-stg03,10.51.76.22
cpgr-prd01,10.51.83.109
icd-app-prd03,10.51.83.36
icd-app-prd04,10.51.83.37
icd-app-prd01,10.51.83.39
icd-hom01,10.51.83.41
icd-hml02,10.51.83.42
icd-db-rep-dev01,10.51.83.44
icd-db-rep-prd01,10.51.83.45
icd-app-prd05,10.51.83.46
icd-app-prd06,10.51.83.53
cognos-db-prd01,10.51.83.56
cpgr-hml01,10.51.83.77
iss-lgpd-prd01,10.51.91.105
appstack-lgpd-prod01,10.51.91.106
reposit-front-lgpd-prd01,10.51.91.118
elk-lgpd-prd02,10.51.91.119
portal-titular-lgpd-prd01,10.51.91.120
master-lgpd-prd01,10.51.91.121
isntascan-lgpd-prd01,10.51.91.125
dnstic-prd01,10.51.94.202
dnstic-prd02,10.51.94.203
director-hml,10.51.94.215
cds1,10.51.94.221
cds2,10.51.94.222
acervo-prd01,10.51.94.40
elk-corp,10.51.95.141
VM_msfranquia_hml01,10.51.95.142
VM_msfranquia_hml02,10.51.95.143
VM_webfranquia_hml01,10.51.95.144
webfranquia-hml02,10.51.95.145
VM_msfranquia_prd01,10.51.95.146
VM_msfranquia_prd02,10.51.95.147
VM_webfranquia_prd01,10.51.95.148
VM_webfranquia_prd02,10.51.95.149
frontend-hom01_1910,10.56.6.134
airflow-hom01,10.56.6.135
backend-hom01,10.56.6.145
catprod-hml-matrix01,10.56.6.151
spark-prd-worker01,10.56.7.133
frontend-prd01,10.56.7.138
backend-prd01,10.56.7.140
frontend-prd02,10.56.7.143
backend-prd02,10.56.7.145
tf-catprod-prd-matrix01,10.56.7.148
eaq-gerencia-prd01,10.99.0.103
zabbix-poller-cor-prd01_v203,10.99.0.144
zabbix-cor-srv-prd01_v203,10.99.0.145
zabbix-poller-cor-prd02_v203,10.99.0.146
zabbixdbfontes_v203,10.99.0.149
corbkpcel,10.99.0.16
toolstelecom-cel-prd02_v203,10.99.0.38
tools-telecom-cel03-prd_NEW,10.99.0.41
tools-telecom-cel04-prd_NEW,10.99.0.42
zms-hom02,10.99.0.60
VM_tr069-utils,10.99.0.63
VM_POC_TR069_v203,10.99.0.65
rbt-dbsrv-prd01-236_v203_v632,10.99.0.76
toolstelecom-cel-prd05_v203,10.99.0.85
toolstelecom06,10.99.0.92
spacewalk-repo-prd01_v203,10.99.1.12
cacti-capacidade-new-seta,10.99.1.222
server-trace-ula07,10.99.2.220
server-trace-ula08,10.99.2.221
wiki-repositorio,10.99.2.252
onmsi-server-prd01,10.99.4.5
zabbix-report-server-prd01,172.20.0.103
zabbix-poller-correios-prd01,172.20.0.111
zabbix-srv-correios-prd01,172.20.0.113
zabbix-mysql-correios-prd01,172.20.0.114
grafana-correios-prd01,172.20.0.115
syslog-correios-prd01,172.20.0.116
portal-correios-prd01,172.20.0.117
zabbix-dck-metro-prd02,172.20.0.12
zbxdbpx02,172.20.0.121
zbxdbapx03,172.20.0.122
zbxdbapx01,172.20.0.123
ZMSPRD01,172.20.0.126
zbxsrvtic01,172.20.0.15
ractelecom01-236-prd,172.20.0.201
ractelecom02-236-prd.dbtelecom.com.br,172.20.0.203
ractelecom03-236-prd.dbtelecom.com.br,172.20.0.210
ansible-app-prd01,172.20.0.3
zabbix-srv-bhe-prd01,172.20.0.31
oss-opennms-01,172.20.0.38
zabbixdb07,172.20.0.40
zabbixdb10,172.20.0.52
zabbix-poller-cta-prd01,172.20.0.53
zabbix-srv-cta-prd01,172.20.0.55
zbxprxtic05,172.20.0.58
jenkinspx01,172.20.0.61
zbxprxtic01,172.20.0.62
zbxprxtic02,172.20.0.63
wildfly-gerar-prd01,172.20.0.65
zbxprxtic06,172.20.0.68
zbxprxtic03,172.20.0.69
zbxprxtic04,172.20.0.70
zabbix-poller-plat-prd01,172.20.0.71
zabbix-poller-plat-prd02,172.20.0.72
zabbix-poller-plat-prd04,172.20.0.74
zabbix-mysql-plat-prd01,172.20.0.75
zabbix-poller-cli-prd01,172.20.0.77
zabbix-poller-cli-prd02,172.20.0.78
zabbix-poller-cli-prd03,172.20.0.79
zabbix-poller-cli-prd04,172.20.0.80
zabbix-poller-cli-prd05,172.20.0.81
zabbix-poller-cli-prd06,172.20.0.82
zabbix-poller-cli-prd07,172.20.0.83
zabbix-poller-cli-prd08,172.20.0.84
zabbix-srv-cli-prd01,172.20.0.85
zabbixdbclientes02,172.20.0.86
zbxdbapx02,172.20.0.99
Tr069-Balancer-PRD01,172.20.10.12
Tr069-Balancer-PRD02,172.20.10.13
Tr069-app-prd01,172.20.10.14
Tr069-app-prd03,172.20.10.16
tr069-api-prd01,172.20.10.17
tr069-api-prd02,172.20.10.18
tr069-api-prd03,172.20.10.19
tr069-mongo-prd01,172.20.10.20
tr069-mongo-prd02,172.20.10.21
tr069-mongo-prd03,172.20.10.22
tr069-logs-prd01,172.20.10.24
npp-postgresql-2,172.20.12.11
npp-cassandra-1,172.20.12.56
npp-cassandra-2,172.20.12.57
npp-cassandra-3,172.20.12.58
npp-cassandra-4,172.20.12.59
npp-cassandra-6,172.20.12.61
npp-cassandra-7,172.20.12.62
npp-cassandra-8,172.20.12.63
npp-postgresql-1,172.20.12.64
id-tncm-ps-hom01,172.20.14.140
id-tncm-cs-hom01,172.20.14.141
id-tncm-ws-hom01,172.20.14.142
id-tncm-ws-hom02,172.20.14.143
nc-eventanalitics-webgui-hml01,172.20.14.144
id-portal-hom01_,172.20.14.145
id-nodered-hom01,172.20.14.146
id-itnm-hom05,172.20.14.160
id-itnm-hom06,172.20.14.161
id-itnm-hom07,172.20.14.162
id-itnm-hom08,172.20.14.163
id-itnm-hom09,172.20.14.164
id-itnm-hom10,172.20.14.166
node-red-hom01,172.20.14.167
nc-itnm-hml02,172.20.14.175
nc-itnm-hml01,172.20.14.176
nc-apm-hml02,172.20.14.177
nc-dashboards-hml02,172.20.14.179
nc-impact-hml02,172.20.14.181
nc-impact-hml01,172.20.14.182
nc-probes-hml02,172.20.14.183
nc-probes-hml01,172.20.14.184
nc-colb1-hml01,172.20.14.185
nc-colp1-hml02,172.20.14.186
nc-aggb1-hml01,172.20.14.187
nc-aggp1-hml01,172.20.14.188
nc-webgui-hml02,172.20.14.189
nc-webgui-hml01,172.20.14.190
node-red-prd01,172.20.14.194
id-tncm-ps-prd01,172.20.14.204
id-tncm-ps-prd02,172.20.14.205
id-tncm-cs-prd01,172.20.14.206
id-tncm-ws-prd01,172.20.14.207
id-tncm-ws-prd02,172.20.14.208
id-tncm-ws-prd03,172.20.14.209
id-tncm-ws-prd04,172.20.14.210
id-portal-prd01_v1212,172.20.14.213
id-portal-prd02,172.20.14.214
id-tncm-ws-prd05,172.20.14.215
id-tncm-ws-prd06,172.20.14.216
id-nodered-prd01,172.20.14.218
id-itnm-prd03,172.20.14.219
ams-nokia-prd01,172.20.14.22
nc-itnm-prd01,172.20.14.220
nc-itnm-prd02,172.20.14.221
nc-itnm-prd04,172.20.14.223
nc-itnm-prd05,172.20.14.224
nc-itnm-prd06,172.20.14.225
nc-itnm-prd07,172.20.14.226
secgtw-botcor-prd01.network.ctbc,172.20.14.228
servidor-topologia-digital-prd01,172.20.14.231
apm-app-prd01,172.20.14.232
nc-db2-prd02,172.20.14.233
nc-db2-prd01,172.20.14.234
nc-noi-prd02,172.20.14.235
nc-noi-prd01,172.20.14.236
nc-itnm-prd08,172.20.14.237
nc-itnm-prd09,172.20.14.238
nc-itnm-prd10,172.20.14.239
nc-itnm-prd11,172.20.14.240
nc-impact-prd02,172.20.14.241
nc-impact-prd01,172.20.14.242
nc-probes-prd02,172.20.14.243
nc-probes-prd01,172.20.14.244
nc-colb1-prd01,172.20.14.245
nc-colp1-prd01,172.20.14.246
nc-aggb1-prd01,172.20.14.247
nc-aggp1-prd01,172.20.14.248
nc-dis-prd01,172.20.14.250
nc-itnm-prd12,172.20.14.253
portalcorrelacoes,172.20.14.254
gw-123milhas-prd01,172.20.23.195
gw-123milhas-prd02,172.20.23.196
gw-123milhas-hml01,172.20.23.197
gw-123milhas-hml02,172.20.23.198
bedigpx01,172.20.27.251
blueplanetpx01,172.20.27.42
blueplanetpx02,172.20.27.43
apcem-poc01,172.20.38.10
apcem-hml01,172.20.38.11
monitoramento-ura-online-hml02,172.20.38.12
VM-IPTV-01,172.20.38.151
observion-sec_v267,172.20.38.227
zabbix-sec,172.20.38.229
ig-11 ,172.20.38.242
VM_ubiquiti_prd,172.20.4.8
LDAP-SDWAN-PRD02,172.20.46.12
zabbix-poller-tic-app02-desc,172.20.46.190
proxy-prd01,172.20.47.140
SSM-prd01,172.20.47.141
IP-track-relay-prd01,172.20.47.142
link-prd01,172.20.47.143
kafka-prd01,172.20.47.144
kafka-prd2,172.20.47.145
kafka-prd03,172.20.47.146
vertica-prd01-ext4,172.20.47.147
vertica-prd02-ext4,172.20.47.148
vertica-prd03-ext4,172.20.47.149
sportal-prd01,172.20.47.150
app-portal-prd01,172.20.47.151
policy-manager-prd01_v76,172.20.47.152
provisioning-server-prd01,172.20.47.153
vertica-prd04.network.ctbc,172.20.47.155
vertica-prd05.network.ctbc,172.20.47.156
vertica-prd06.network.ctbc,172.20.47.157
proxy-prd02,172.20.47.158
api-protweb-prd01,172.20.47.180
pl5-eventos-prd02,172.20.5.12
pl5-eventos-prd03,172.20.5.13
pl5-eventos-prd04,172.20.5.14
pl5-eventos-prd05,172.20.5.15
pl5-eventos-prd06,172.20.5.16
pl5-eventos-prd07,172.20.5.17
pl5-eventos-prd08,172.20.5.18
pl5-eventos-prd11,172.20.5.21
pl5-eventos-prd13,172.20.5.23
pl5-eventos-prd14,172.20.5.24
pl5-eventos-prd15,172.20.5.25
pl5-eventos-prd16,172.20.5.26
http-proxy-omni-prd02,172.20.50.228
citrus-app-omni-prd02,172.20.50.229
citrus-app-omni-prd01,172.20.50.230
citrus-app-omni-prd03,172.20.50.231
citrus-app-omni-prd04,172.20.50.232
citrus-bd-omni-prd01,172.20.50.233
citrus-bd-omni-prd02,172.20.50.234
app-omni-h01,172.20.50.240
aaa-moniot-prd01,172.20.52.10
aaa-moniot-prd02,172.20.52.11
aaa-moniot-prd03,172.20.52.12
aaa-moniot-prd04,172.20.52.13
mysql-moniot-prd01,172.20.52.14
mysql-moniot-prd02,172.20.52.15
mysql-moniot-prd03,172.20.52.16
mysql-moniot-prd04,172.20.52.17
stream-moniot-prd01,172.20.52.18
stream-moniot-prd02,172.20.52.19
stream-moniot-prd03,172.20.52.20
stream-moniot-prd04,172.20.52.21
stream-moniot-prd05,172.20.52.22
stream-moniot-prd06,172.20.52.23
consumers-moniot-prd01,172.20.52.24
consumers-moniot-prd02,172.20.52.25
consumers-moniot-prd04,172.20.52.27
consumers-moniot-prd05,172.20.52.28
consumers-moniot-prd06,172.20.52.29
consumers-moniot-prd07,172.20.52.30
consumers-moniot-prd08,172.20.52.31
api-moniot-prd01,172.20.52.32
api-moniot-prd02,172.20.52.33
mysqla1-moniot-prd01,172.20.52.34
mysqla2-moniot-prd02,172.20.52.35
stream-moniot-prd07,172.20.52.36
mysqla2-moniot-prd03,172.20.52.37
logs-moniot-prd01,172.20.52.39
mgmt-moniot-prd01,172.20.52.40
metrics-moniot-prd01,172.20.52.41
beatch-moniot-p1,172.20.52.42
beatch-moniot-p2,172.20.52.43
mongo-moniot-prd01,172.20.52.44
mongo-moniot-prd02,172.20.52.45
mongo-moniot-prd03,172.20.52.46
mongo-moniot-prd04,172.20.52.47
mgmt-moniot-hml01,172.20.53.13
mysql-moniot-hml01,172.20.53.14
stream-moniot-hml01-NEW,172.20.53.16
stream-moniot-hml02,172.20.53.17
api-portal-hom-iot,172.20.53.21
api-02-portal-hom-iot,172.20.53.22
ms-01-portal-hom-iot,172.20.53.23
ms-02-portal-hom-iot,172.20.53.24
lb-api-hom-iot,172.20.53.25
couchbase-soa-prd01,172.20.56.10
couchbase-soa-prd02,172.20.56.11
edb-soa-prd01,172.20.56.12
edb-soa-prd02,172.20.56.13
ebd-pem-soa-prd01,172.20.56.14
ebd-pem-soa-prd02,172.20.56.15
ntrp-soa-p01,172.20.56.16
couchbase2-soa-prd01,172.20.56.18
couchbase3-soa-prd01,172.20.56.19
couchbase2-soa-prd02,172.20.56.20
couchbase3-soa-prd02,172.20.56.21
monitoramento-ura-online,172.20.57.146
monitoramento-ura-online-prd02,172.20.57.147
oasrpx01,172.20.62.142
vigiapx01,172.20.64.125
zbxprxticcl,172.20.9.143
zabbixdbhomo,172.20.9.145
zabbix-ondemand-hml01,172.20.9.150
zabbix-report-server-hml01,172.20.9.152
server-trace-piag-prd09,172.24.158.25
server-trace-fac,172.25.0.117
velocidade-spo,172.25.176.80
pl-sdp-v4-app-10,172.25.179.139
PL4-IVR-SDP-MOB-7,172.25.179.164
pv4-camp-kannel-2,172.25.179.184
pv4-camp-mob-1,172.25.179.185
pv4-camp-mob-2,172.25.179.186
pv4-camp-wfly-1,172.25.179.187
pv4-camp-wfly-2,172.25.179.188
pv4-camp-adm-1,172.25.179.189
pl-sdp-v4-soa-ati-1,172.25.179.190
pl-GRAV-SERV-4,172.25.179.218
pl-GRAV-SERV-5,172.25.179.219
pl-GRAV-SERV-6,172.25.179.220
pl4-log-indexer-2,172.25.179.242
pl4-log-kibana-1,172.25.179.243
PL4-NV-MOB-9,172.25.179.244
PL4-NV-MOB-10,172.25.179.245
PL4-NV-MOB-11,172.25.179.246
PL4-NV-MOB-12,172.25.179.247
PL4-NV-MOB-13,172.25.179.248
PL4-NV-APP-5,172.25.179.249
PL4-NV-APP-6,172.25.179.250
smsc2-worker-hml-1,172.25.208.126
smsc2-worker-hml-2,172.25.208.127
smsc2-receiver-hml01,172.25.208.128
smsc2-receiver-hml02,172.25.208.129
smsc2-smpp-hml01,172.25.208.130
smsc2-smpp-hml02,172.25.208.131
smsc2-map-hml01,172.25.208.132
smsc2-map-hml02,172.25.208.133
smsc2-data-server-hml01,172.25.208.134
smsc2-proxy-hml01,172.25.208.135
smsc2-proxy-hml02,172.25.208.136
smsc2-broker-hml01-ora,172.25.208.137
smsc2-services-hml01,172.25.208.138
smsc2-services-hml02,172.25.208.139
smsc2-services-01,172.25.208.142
smsc2-services-02,172.25.208.143
smsc2-services-03,172.25.208.144
smsc2-services-04,172.25.208.145
smsc2-core-receiver-01,172.25.208.158
smsc2-core-receiver-02,172.25.208.159
smsc2-core-receiver-03,172.25.208.160
smsc2-core-receiver-04,172.25.208.161
smsc2-core-receiver-05,172.25.208.162
smsc2-core-receiver-06,172.25.208.163
smsc2-core-receiver-07,172.25.208.164
smsc2-core-receiver-08,172.25.208.165
smsc2-core-receiver-09,172.25.208.166
smsc2-core-receiver-10,172.25.208.167
smsc2-core-worker-01,172.25.208.168
smsc2-core-worker-02,172.25.208.169
smsc2-core-worker-03,172.25.208.170
smsc2-core-worker-04,172.25.208.171
smsc2-core-worker-05,172.25.208.172
smsc2-core-worker-06,172.25.208.173
smsc2-core-worker-07,172.25.208.174
smsc2-core-worker-08,172.25.208.175
smsc2-core-worker-09,172.25.208.176
smsc2-core-worker-10,172.25.208.177
smsc2-core-worker-11,172.25.208.178
smsc2-core-worker-12,172.25.208.179
smsc2-core-worker-13,172.25.208.180
smsc2-core-worker-14,172.25.208.181
smsc2-core-worker-15,172.25.208.182
smsc2-core-worker-16,172.25.208.183
smsc2-core-worker-17,172.25.208.184
smsc2-core-worker-18,172.25.208.185
smsc2-core-worker-19,172.25.208.186
smsc2-core-worker-20,172.25.208.187
smsc2-smpp-01,172.25.208.20
smsc2-smpp-02,172.25.208.21
smsc2-smpp-03,172.25.208.22
pv4-camp-mediaserver-1,172.25.208.221
pv4-camp-mediaserver-2,172.25.208.222
pv4-camp-db-1,172.25.208.223
pv4-camp-db-2,172.25.208.224
pv4-camp-kannel-3,172.25.208.225
pv4-camp-kannel-4,172.25.208.226
pl-camp-hom-mob-1,172.25.208.232
pl-camp-hom-mob-2,172.25.208.233
smsc-data-server-2,172.25.208.234
smsc-map-prd-1,172.25.208.24
smsc-data-server-1,172.25.208.28
smsc2-proxy-01,172.25.208.31
smsc2-proxy-02,172.25.208.32
smsc-core-worker-3,172.25.208.35
smsc-core-worker-4,172.25.208.36
smsc-core-worker-5,172.25.208.37
smsc-core-worker-6,172.25.208.38
smsc-core-worker-7,172.25.208.39
smsc-core-worker-8,172.25.208.40
smsc-broker,172.25.208.62
smsc-hazelcast-1.planeta.net,172.25.208.64
smsc-hazelcast-2.planeta.net,172.25.208.65
smsc-hazelcast-3.planeta.net,172.25.208.66
smsc-hazelcast-4.planeta.net,172.25.208.67
smsc-hazelcast-5.planeta.net,172.25.208.68
smsc2-smpp-06,172.25.208.96
app-policy-prd02-238,172.25.75.108
db-policy-prd02-238,172.25.75.109
app-policy-prd03-238,172.25.75.110
db-policy-prd03-238,172.25.75.111
ciscoar-prd01,172.25.75.15
ciscoar-prd02,172.25.75.16
ciscoar-tra,172.25.75.20
radius-dblogs-prd01,172.25.75.25
app-policy-prd01,172.25.75.86
app-policy-prd03,172.25.75.90
db-policy-prd01-236,172.25.75.94
db-policy-prd02-236,172.25.75.95
db-policy-prd03-236,172.25.75.96
Pl-ivr-app-1,172.25.76.104
Pl-ivr-app-2,172.25.76.105
Pl-ivr-app-3,172.25.76.106
Pl-ivr-app-4,172.25.76.107
Pl-ivr-broker-1,172.25.76.108
Pl-ivr-broker-2,172.25.76.109
pl-sdp-v4-ivr-app-1,172.25.76.139
pl-sdp-v4-ivr-app-2,172.25.76.140
pl-sdp-v4-ivr-app-3,172.25.76.141
pl-sdp-v4-ivr-app-4,172.25.76.142
pl-sdp-v4-ivr-broker-1,172.25.76.143
pl-sdp-v4-ivr-broker-2,172.25.76.144
pl4-gmlc-mob-1.planeta.net,172.25.76.145
pl4-gmlc-mob-2.planeta.net,172.25.76.146
pl4-lce-app-1,172.25.76.147
pl4-lce-app-2,172.25.76.148
pl4-lce-app-3,172.25.76.149
pl4-db-01.planeta.net,172.25.76.152
pl4-db-02.planeta.net,172.25.76.153
pl-sdp-v4-app-1,172.25.76.154
pl-sdp-v4-app-2,172.25.76.155
pl4-lce-app-4,172.25.76.156
pl-sdp-v4-app-4,172.25.76.167
Pl-ivr-adm-1,172.25.76.168
PL4-NV-APP-3,172.25.76.171
PL4-NV-APP-4,172.25.76.172
Pl-grav-adm-1,172.25.76.173
Pl-grav-adm-2,172.25.76.174
messageria3,172.25.76.175
pl4-nv-mob-1.planeta.net,172.25.76.176
PL4-NV-MOB-2_,172.25.76.177
pl4-nv-mob-3.planeta.net,172.25.76.178
PL4-NV-MOB-4,172.25.76.179
PL4-NV-APP-1,172.25.76.180
PL4-NV-APP-2,172.25.76.181
pl-prd-search-engine-8,172.25.76.184
pl-prd-search-engine-1,172.25.76.187
pl-prd-search-engine-2,172.25.76.188
pl-prd-search-engine-3,172.25.76.189
pl-prd-search-engine-5,172.25.76.191
pl-prd-search-engine-6,172.25.76.192
pl-prd-search-engine-7,172.25.76.193
pl4-nv-mob-7.planeta.net,172.25.76.195
pl4-nv-mob-8.planeta.net,172.25.76.196
messageria4,172.25.76.198
PL4-HOM-NV-MOB-2,172.25.76.200
PL4-HOM-NV-APP-2,172.25.76.201
smsc2-smpp-hml03,172.25.76.206
pl4-balancer-2,172.25.76.21
Pl-grav-monitor-avaya-2,172.25.76.210
pl-GRAV-SERV-1,172.25.76.213
pl-GRAV-SERV-2,172.25.76.214
pl-GRAV-SERV-3,172.25.76.215
pl-sdp-v4-soa-3,172.25.76.216
pl-messag-prd-3,172.25.76.217
PL4-BALANCER-GRAV-1,172.25.76.219
pl4-lce-broker-1,172.25.76.234
pl4-lce-broker-3,172.25.76.236
PL4-BALANCER-GRAV-2,172.25.76.238
pl-sdp-v4-app-7,172.25.76.240
pl-sdp-v4-adm-1,172.25.76.250
pl-sdp-v4-adm-2,172.25.76.251
messageria1.planeta.net,172.25.76.50
messageria2.planeta.net,172.25.76.51
pl-sdp-v4-soa-1,172.25.76.52
pl-sdp-v4-soa-2,172.25.76.53
pl4-mediaserver-2,172.25.76.60
pl-prd-event-processing-1,172.25.76.64
pl-prd-event-processing-2,172.25.76.65
pl-prd-event-processing-3,172.25.76.66
pl-prd-event-processing-4,172.25.76.67
pl-prd-logging-interface-2,172.25.76.77
pl-sdp-v4-app-5,172.25.76.82
pl-sdp-v4-app-6,172.25.76.83
pl-sdp-v4-app-8,172.25.76.84
pl4-iotbr-ms-prd01,172.25.76.86
pl4-iotbr-app-prd01,172.25.76.92
pl4-iotbr-app-prd02,172.25.76.93
pl4-iotbr-app-prd03,172.25.76.94
pl4-iotapi-app-prd04,172.25.76.95
pl4-iotbr-ms-prd02,172.25.76.97
pl4-iotbr-ms-prd03,172.25.76.98
pl4-iotbr-ms-prd04,172.25.76.99
npp-db-telecom-ula-236-prd07,172.31.230.109
npp-db-telecom-ula-236-prd08,172.31.230.110
npp-db-telecom-ula-238-prd02,172.31.230.134
npp-map-ula-238-prd01,172.31.230.141
npp-inap-ula-236-prd06,172.31.230.158
npp-inap-ula-236-prd04,172.31.230.64
Npp-mobicents-map-ula-14,172.31.230.73
Npp-db-telecom-ula-10,172.31.230.77
Npp-db-telecom-ula-14,172.31.230.81
cbp-prd-6,172.31.235.101
cbp-prd-7,172.31.235.102
cbp-prd-8,172.31.235.103
cbp-prd-9,172.31.235.104
cbp-prd-10,172.31.235.105
bmp-prd-4,172.31.235.114
bmp-prd-5,172.31.235.115
bmp-prd-6,172.31.235.116
ocs-db-des02,172.31.235.147
bmp-prd-7,172.31.235.150
bmp-prd-8,172.31.235.151
balancer-hom2-1.ocs,172.31.235.210
bmp-hom2-1,172.31.235.214
bmp-hom2-2,172.31.235.215
broker-hom2-1,172.31.235.216
broker-hom2-2,172.31.235.217
fix-hom2-1,172.31.235.223
fix-hom2-2,172.31.235.224
dataserver-hom2-1,172.31.235.225
broker-hom2-3,172.31.235.226
Mobile-voice-hom2-1.scp,172.31.235.229
Mobile-voice-hom2-2.scp,172.31.235.230
scp-gw-http-hom2-1,172.31.235.237
bmp-prd-9,172.31.235.240
bmp-prd-10,172.31.235.241
broker-hom2-4,172.31.235.243
broker-hom2-5,172.31.235.244
sendsms-hom2-1,172.31.235.245
sendsms-hom2-2,172.31.235.246
cbp-prd-15,172.31.235.26
cbp-prd-16,172.31.235.27
movel-radius-prd01.osc,172.31.235.3
dataserver-prd-1,172.31.235.36
dataserver-prd-2,172.31.235.37
cbp-prd-11,172.31.235.4
comando-prd,172.31.235.40
bmp-prd-1,172.31.235.44
bmp-prd-2,172.31.235.45
bmp-prd-3,172.31.235.46
cbp-prd-1,172.31.235.47
cbp-prd-2,172.31.235.48
cbp-prd-3,172.31.235.49
cbp-prd-12,172.31.235.5
broker-prd-1,172.31.235.50
cbp-prd-13,172.31.235.6
cbp-prd-4,172.31.235.64
cbp-prd-5,172.31.235.65
cbp-prd-14,172.31.235.7
scp-gw-diameter-prd-2,172.31.235.71
smpp-gw-prd-1,172.31.235.82
mobile-voice-prd-4,172.31.235.90
mobile-data-p1,172.31.238.100
mobile-data-p2,172.31.238.101
mobile-data-p3,172.31.238.102
mobile-data-p4,172.31.238.103
mobile-data-p5,172.31.238.104
mobile-data-p6,172.31.238.105
mobile-data-p7,172.31.238.106
mobile-data-p8,172.31.238.107
mobile-data-p9,172.31.238.108
mobile-data-p10,172.31.238.109
mobile-data-p11,172.31.238.110
mobile-data-p12,172.31.238.111
mobile-data-p13,172.31.238.112
mobile-data-p14,172.31.238.113
mobile-data-p15,172.31.238.114
mobile-data-p16,172.31.238.115
ocs-telefoniaprd01,172.31.238.121
ocs-telefoniaprd02,172.31.238.122
ocs-telefoniaprd03,172.31.238.123
ocs-telefoniaprd04,172.31.238.124
ocs-telefoniaprd05,172.31.238.125
ocs-telefoniaprd06,172.31.238.126
ocs-telefoniaprd07,172.31.238.127
ocs-telefoniaprd08,172.31.238.128
ocs-dbrac-238-dg01.ocs.algartelecom.com.br,172.31.238.18
ocs-dbrac-238-dg04.ocs.algartelecom.com.br,172.31.238.21
radius-iot-acc-prd01,172.31.238.31
radius-iot-acc-prd02,172.31.238.32
radius-iot-acc-prd03,172.31.238.33
radius-iot-acc-hml01,172.31.238.41
ocs-dbrac-236-prd01,172.31.238.5
ocs-dbrac-236-prd02,172.31.238.6
fix-ocs-p01,172.31.238.63
fix-ocs-p02,172.31.238.64
fix-ocs-p03,172.31.238.65
fix-ocs-p04,172.31.238.66
broker-ocs-p01,172.31.238.67
broker-ocs-p02,172.31.238.68
broker-ocs-p03,172.31.238.69
ocs-dbrac-236-prd03.ocs.algartelecom.com.br,172.31.238.7
broker-ocs-p04,172.31.238.70
broker-ocs-p05,172.31.238.71
cbp-ocs-p01,172.31.238.72
cbp-ocs-p02,172.31.238.73
ocs-dbrac-236-prd04,172.31.238.8
smtp01,10.0.10.50
msqlhx01,10.0.40.16
tts.staging,10.0.40.23
hewsl01.cloudalgartelecom.com.br,10.0.40.6
maestrohmg,10.11.133.70
automacao-prd03,10.11.148.179
ldapcorp02,10.11.148.52
jbossas02hom,10.11.151.6
settler01,10.123.4.102
pubprdapp2,10.123.4.110
usrv82prd,10.32.10.177
usrv80,10.32.10.231
algargedhmg-service01,10.51.10.148
algargedhmg-service02,10.51.10.149
gedwebdavprd01,10.51.10.171
algargedprd01,10.51.10.175
algargedprd02,10.51.10.176
algargedprd-service02,10.51.10.178
maestro02,10.51.10.37
wlhom01,10.51.10.38
wlsim01,10.51.10.58
maestro03,10.51.10.60
sps3-app-hml02.iot,10.51.130.131
sps3-app-dev01-iot,10.51.130.162
spsdx01,10.51.15.130
spshx01,10.51.15.131
spshx02,10.51.15.132
crm-prd-solar01,10.51.23.145
crm-prd-solar03,10.51.23.157
crm-prd-rules01,10.51.23.160
crm-prd-ws01,10.51.23.183
crm-prd-ws03,10.51.23.185
crm-prd-job01,10.51.23.188
crm-prd-job02,10.51.23.189
crm-prd-app05,10.51.23.197
wsomsghom02,10.51.26.18
algarcsmhmg-parc01,10.51.31.205
algarcsmprd-parc01,10.51.31.236
algarcsmprd-batch01,10.51.31.239
algarcsmprd-batch02,10.51.31.240
ebinvoiceprdapp01,10.51.42.107
ebinvoiceprdapp02,10.51.42.108
ebinvoiceprddav02,10.51.42.110
oid-prd-app01,10.51.47.76
iac-prd-jen01,10.51.54.52
icpmaster-prd03,10.51.75.10
icpproxy-prd01,10.51.75.11
icpworkerpl-prd02,10.51.75.21
icpmaster-prd02,10.51.75.9
padtec-nms-prd01,10.99.4.4
vertis-app-prd01,172.20.4.134
pv4-camp-wso2-2,172.25.179.135
ns2,10.0.10.103
apsmaxmonitor,10.0.10.110
msql01,10.0.10.117
henas,10.0.10.12
aps-multicloud-prd01,10.0.10.123
gsuite,10.0.10.15
obadb.staging.cloudalgartelecom.com.br,10.0.10.21
painelbss,10.0.10.22
vm1px01,10.0.10.29
ooam.cloudalgartelecom.com.br,10.0.10.3
zabbpx01,10.0.10.31
tts,10.0.10.32
aps-ico-prd01,10.0.10.33
replicadb.cloudalgartelecom,10.0.10.59
aps.cloudalgartelecom.com.br,10.0.10.6
acronisaeh.staging,10.0.10.8
ns1.staging,10.0.40.100
cm.staging,10.0.40.101
replicadb.staging,10.0.40.108
vm1.staging,10.0.40.109
obadb.staging,10.0.40.11
apsmaxmonitor.staging,10.0.40.110
pcs44.staging,10.0.40.111
ns2.staging,10.0.40.117
pprox.staging,10.0.40.118
loja.cloudalgartelecom.com.br,10.0.40.13
aps.staging,10.0.40.5
dashhx01,10.0.40.50
vm1hx01,10.0.40.52
apscloudplus.staging,10.0.40.56
gsuite.staging,10.0.40.7
aps-ico.staging,10.0.40.9
portabgw01,10.11.120.230
portabgw02,10.11.120.231
rqual-ula-centro-prd01,10.11.120.250
comissaodes.network,10.11.130.153
lxprdgw,10.11.131.9
pvweblogictst,10.11.132.127
spacecor,10.11.132.150
repol01,10.11.132.151
basedeconhecimento.network.ctbc,10.11.132.158
lblgw,10.11.132.185
jbossfarm-prd01,10.11.132.57
jtracivc_NEW,10.11.132.92
smtpapp2,10.11.133.228
smtpapp,10.11.133.229
portalctbc05hmg,10.11.133.230
portalctbc06hmg_NEW,10.11.133.231
lxintraweb01,10.11.133.33
usrv80prd,10.11.135.164
lxmrtg,10.11.135.47
pagboletohom,10.11.136.10
sgdleanprd01,10.11.136.105
portal-cre-prd03,10.11.136.108
portalcdoprd,10.11.136.119
cac-hml02,10.11.136.13
rubiprd01,10.11.136.142
rubidbdes01,10.11.136.143
wlszprod01,10.11.136.146
gifehmg01,10.11.136.17
npappdes01,10.11.136.18
guardians-app-prd01,10.11.136.183
guardians-adm-prd01,10.11.136.185
spsprd03,10.11.136.197
spsprd04,10.11.136.198
spshom02,10.11.136.199
puppet,10.11.136.220
trsapp-des,10.11.136.245
wlszhmg01,10.11.136.32
zabbix-prd-corp01,10.11.136.41
datastageprd01,10.11.136.50
VM_zabbix-corp,10.11.136.8
preproddes,10.11.137.11
VM_misp-algar,10.11.137.120
toolstelecom-cel-prd06_v203,10.11.137.206
toolstelecom-cel-prd07_v203,10.11.137.207
ftp-operacao-prd01,10.11.137.222
ftpserver01,10.11.137.249
srvphpdes01,10.11.148.191
toolstelecom1_NEW,10.11.148.199
toolstelecom2_NEW,10.11.148.200
ptdashpx01,10.11.148.206
som-prd-elk02,10.11.148.217
spsprd01,10.11.148.248
spsprd02,10.11.148.249
ldapcorp01,10.11.148.51
jbosseap02,10.11.152.67
cloudcontrolapp,10.11.70.24
getraf-tst01,10.123.4.103
prdgridctl,10.123.4.104
publab,10.123.4.106
pubprdapp1,10.123.4.109
comissaohmg01,10.123.4.67
VM_voipview_web,10.32.10.40
usrv34,10.32.10.50
mon-estoque-eng,10.32.13.12
subversion_NEW,10.32.14.162
sgdleanhom01,10.32.15.244
portaldesempenho,10.32.15.245
portalctbc04hmg_NEW,10.32.15.99
datastagehom01,10.32.8.168
rubictbc01,10.32.8.236
usrv71,10.32.8.90
sunlight2,10.32.9.251
usrv37,10.32.9.99
ocvsmedtelpx01,10.41.12.20
ocvsmedcorppx01,10.41.28.20
TNMSPX01,10.5.100.6
ecomm04_NEW,10.50.17.30
SBLPRDWEB01,10.51.0.11
SBLPRDWEB02,10.51.0.12
SBLPRDOAM01,10.51.0.15
SBLPRDOAM02,10.51.0.16
SBLPRDAPP01,10.51.0.17
SBLPRDAPP02,10.51.0.18
bilprdapp1,10.51.0.19
bilprdapp2,10.51.0.20
sblprdapp03.network.ctbc,10.51.0.21
sblprdapp04.network.ctbc,10.51.0.22
SBLPRDWEB03,10.51.0.23
SBLPRDWEB04,10.51.0.24
VM_oimprdidm1,10.51.0.30
VM_oimprdidm2,10.51.0.31
SBLPRDCFG01,10.51.0.40
SBLPRDCFG02,10.51.0.41
anrprd,10.51.0.60
OSMPRD,10.51.0.63
SBLPRDREP01,10.51.0.71
SBLPRDREP02,10.51.0.72
SBLPRDGTW01,10.51.0.75
SBLPRDGTW02,10.51.0.76
radius-ws-prd01,10.51.0.80
gedwebdavprd02,10.51.10.172
algargedprd-rabbit01,10.51.10.179
algargedprd-rabbit02,10.51.10.180
maestro01,10.51.10.36
wlhom02,10.51.10.39
VM_wlsim01,10.51.10.59
bkprd01,10.51.10.62
lxjboss01,10.51.10.69
lvr-digital-prd01,10.51.12.132
lvr-digital-hml01,10.51.12.148
clik-hom-app01,10.51.123.226
clik-hom-bd02,10.51.123.229
crv-hom-cis-frontend,10.51.123.230
crv-hom-cis01,10.51.123.231
crv-prd-app03,10.51.123.232
crv-prd-backend-cis01,10.51.123.233
crv-prd-backend-cis02,10.51.123.234
crv-prd-balancer,10.51.123.235
crv-prd-bd01,10.51.123.236
crv-prd-cis-balancer,10.51.123.237
crv-prd-cis-frontend,10.51.123.238
grv-prd-backend,10.51.123.239
grv-prd-frontend,10.51.123.240
LB01_prd,10.51.123.77
algarops-hom-app01,10.51.124.2
med-ime-prd01,10.51.128.114
in-proxy-connect-prd01,10.51.129.242
out-proxy-connect-prd01,10.51.129.244
afiliados-app-prd01,10.51.129.36
afiliados-app-hml01,10.51.129.37
sps3-app-prd01-iot,10.51.129.4
sps3-app-prd02-iot,10.51.129.5
in-proxy-connect-hml01,10.51.130.187
out-proxy-connect-hml01,10.51.130.189
ebinvoiceprddav01,10.51.130.20
gaio-db-prd02,10.51.130.230
srvphp-dev_NEW,10.51.130.52
nodehx01,10.51.131.166
nodehx02,10.51.131.167
zteftppx01,10.51.131.4
pvweb02,10.51.14.11
comissaoprd01,10.51.14.16
spshx03,10.51.15.133
spshx04,10.51.15.134
spspx01,10.51.15.146
spspx02,10.51.15.147
spspx03,10.51.15.148
spspx04,10.51.15.149
prtpndb2bpx01,10.51.154.2
tic-ecommerce-prd02,10.51.17.53
antispam-db01,10.51.17.66
antispam-scan01,10.51.17.67
antispam-scan02,10.51.17.68
antispam-scan03,10.51.17.69
antispam-scan04,10.51.17.70
nschprd,10.51.2.11
nschdes,10.51.2.12
portfolio-hom01,10.51.2.76
bdahomapp01,10.51.21.142
sittelhom01,10.51.21.68
porgwpx01,10.51.21.7
cloud12c01,10.51.22.16
phone2b-db01.intranet,10.51.22.165
phone2bapp01.intranet,10.51.22.166
Servidor-RC-PHONE2BAPP02,10.51.22.167
cloud12c02,10.51.22.17
som-prd-chat01,10.51.23.178
som-prd-chat02,10.51.23.179
crm-hom-app02,10.51.24.12
som-hom-app01,10.51.24.35
som-hom-wf02,10.51.24.38
trs-hom-app01,10.51.24.41
trs-hom-app02,10.51.24.42
jenkins-devops01,10.51.24.43
som-hom-chat01,10.51.24.45
som-hmlv2-cache01,10.51.24.60
som-hmlv2-view01,10.51.24.64
som-hmlv2-view02,10.51.24.65
crm-tit-app01,10.51.25.136
crm-tit-cache01,10.51.25.138
com-tit-app01,10.51.25.142
com-tit-esb01,10.51.25.143
crm-tst-cache01,10.51.25.144
com-tit-srv01,10.51.25.145
crm-tst-adm01,10.51.25.154
crm-tit-adm01,10.51.25.155
com-tst-esb01,10.51.25.156
com-tst-cache01,10.51.25.158
mib-tst-app01,10.51.25.166
b2c-jenkins03,10.51.25.170
som-tit-chat01,10.51.25.173
som-tit-wf01,10.51.25.176
trs-tst-app01,10.51.25.178
trs-tit-app01,10.51.25.179
KBNPL01,10.51.26.34
wsomysqlhom01-new,10.51.26.43
jenkins01,10.51.28.19
nagiossd,10.51.29.105
b2c-elk01,10.51.3.11
ossbuilder,10.51.3.39
nbumedia03,10.51.30.205
nbumedia09,10.51.30.222
nbumedia08,10.51.30.88
algarcsmhmg-batch02,10.51.31.209
algarcsmprd-parc02,10.51.31.237
algarcsmprd-portal01,10.51.31.238
tokentit01,10.51.31.43
tomcatasprd03,10.51.31.80
lxvpn01,10.51.34.142
rdplinuxprd02,10.51.34.144
rdplinuxprd03,10.51.34.145
rdplinuxprd04,10.51.34.146
sps-hom-near01,10.51.34.15
rdplinuxprd05,10.51.34.153
rdplinuxprd06,10.51.34.154
rdplinuxprd07,10.51.34.155
sps-hom-ws01,10.51.34.16
sps-hom-ws02,10.51.34.17
ntf-prd-sps01,10.51.34.42
sps-prd-near01,10.51.34.46
imsvaprd02,10.51.34.77
VGAPPHOM01,10.51.41.141
VGCONTPRD01,10.51.41.142
VGCONTHOM01,10.51.41.143
VGPROCPRD01,10.51.41.144
VGPROCHOM01,10.51.41.145
VGAPXPRD01,10.51.41.146
VGAPXHOM01,10.51.41.147
VM_VGGWPRD01,10.51.41.148
VGGWHOM01,10.51.41.149
VGNEDPRD01,10.51.41.152
VGHMPRD01,10.51.41.154
porthx01,10.51.41.51
rbt-appsrv-prd01,10.51.45.140
algmcache01,10.51.46.30
algmweb01,10.51.46.32
oim-hom-app01,10.51.47.15
oim-hom-app02,10.51.47.16
oid-hom-app01,10.51.47.17
oid-hom-app02,10.51.47.18
oid-des-app01,10.51.47.19
VM_eb-hom-app01,10.51.47.204
VM_eb-hom-app02,10.51.47.205
VM_eb-hom-ws01,10.51.47.236
eb-hom-ws02,10.51.47.237
oid-prd-app02,10.51.47.77
oid-prd-app03,10.51.47.78
oid-prd-app04,10.51.47.79
oid-prd-app05,10.51.47.80
oid-prd-app06,10.51.47.81
VM_eb-prd-app01,10.51.48.140
VM_eb-prd-app02,10.51.48.141
eb-prd-ws01,10.51.48.172
eb-prd-ws02,10.51.48.173
core-hom-app01,10.51.48.205
core-hom-app02,10.51.48.206
web-ui-prd-app01,10.51.48.236
core-prd-app01,10.51.48.237
core-prd-app02,10.51.48.238
core-prd-app03,10.51.48.239
core-prd-app04,10.51.48.240
core-prd-balancer01,10.51.48.241
core-prd-app05,10.51.48.242
dashpx01,10.51.5.10
integpx01,10.51.5.11
svn-prd-app01,10.51.50.236
midprddav01,10.51.51.109
bandalarga-prd01,10.51.52.226
cms01-portal-hml,10.51.52.77
cms02-portal-hml,10.51.52.78
app01-portal-hml,10.51.52.93
app02-portal-hml,10.51.52.94
lb-portal-hml01,10.51.52.95
am_hosts,10.51.54.14
logging_host,10.51.54.15
iac-prd-repo01,10.51.54.53
iac-prd-pup01,10.51.54.54
iac-prd-pup02,10.51.54.55
iac-prd-ps01,10.51.54.56
iac-prd-ps02,10.51.54.57
elastic-search-tit01,10.51.65.141
cce-service-hom01,10.51.65.142
cce-service-hom02,10.51.65.143
elastic-search-hom01,10.51.65.144
elastic-search-hom02,10.51.65.145
cce-gis-prd01,10.51.65.205
cce-gis-prd02,10.51.65.206
CCE-ELASTIC-SEARCH-PRD01,10.51.65.208
icpproxyex-prd01,10.51.75.135
icpproxyex-prd02,10.51.75.136
bmpweb_prd01,10.51.75.138
bmpweb_prd02,10.51.75.139
icpproxy-stg02.cloudalgartelecom.com.br,10.51.76.11
icpproxy-stg02,10.51.76.12
icpworker-stg01,10.51.76.13
icpproxyex-stg01,10.51.76.135
icpproxyex-stg02,10.51.76.136
bpmweb-prd01.cloudalgartelecom.com.br,10.51.76.138
bpmweb-prd02.cloudalgartelecom.com.br,10.51.76.139
icpworker-stg02,10.51.76.14
icpworker-stg03,10.51.76.15
icpworkerpl-stg01,10.51.76.20
icpworkerpl-stg02,10.51.76.21
icpmgmt-stg01,10.51.76.27
terra-form-stg01,10.51.76.30
bpmapp-stg01,10.51.76.33
bpmapp-stg02,10.51.76.34
LDAP-STG01,10.51.76.39
bpmdb-stg01,10.51.76.6
bpmdb-stg02,10.51.76.7
icpmaster-stg01,10.51.76.8
icpmaster-stg02,10.51.76.9
rhsatepx01,10.51.8.34
gpf-hom-app01,10.51.83.141
gpf-prd-app01,10.51.83.171
icd-app-prd02,10.51.83.38
icd-db-prd01,10.51.83.40
elastic-lgpd-prd01,10.51.91.107
elastic-lgpd-prd02,10.51.91.108
elastic-lgpd-prd03,10.51.91.109
data-lgpd-prd01,10.51.91.110
data-lgpd-prd02,10.51.91.111
data-lgpd-prd03,10.51.91.112
gateway-lgpd-prd01,10.51.91.113
work-lgpd-prd01,10.51.91.122
work-lgpd-prd02,10.51.91.123
zabbix-repo,10.51.91.124
Algar-BD,10.51.91.35
Algar-sipserver,10.51.91.38
haproxy1,10.51.94.207
mxtic-prd01,10.51.94.210
rhua,10.51.94.220
cds3,10.51.94.223
servproapp-prd01,10.51.94.70
servproapp-prd02,10.51.94.71
servprobd-prd01,10.51.94.72
multi-cloud-prd02.tenant0029,10.56.10.136
syslog-srv01,10.99.0.100
automacao-prod-01,10.99.0.11
automacao-prod-01-fisico,10.99.0.12
smartsag-01,10.99.0.208
zabbix-web-prod01,10.99.0.219
zabbix-noc-web,10.99.0.22
zabbix-poller-itau-prd01,10.99.0.234
CALIX-PRD01,10.99.0.247
VM_ula_proxy_02,10.99.0.29
toolstelecom-cel-prd01_v203,10.99.0.37
wso2prod,10.99.0.61
rbt-proxysrv-prd01-236_v203_v632,10.99.0.73
rbt-mediasrv-prd01-236_v203_v632,10.99.0.74
VM_zabbix-poller1-prod05,10.99.0.86
VM_zabbix-dbclientesv2-prd,10.99.0.88
VM_zabbix-poller1-prod08,10.99.0.89
csocacti,10.99.1.102
VM_rhel-repo-cor,10.99.1.11
GERCLIENTES,10.99.1.165
jpvrfpx01,10.99.10.9
dmviewdb-ula,10.99.101.120
VM_dmviewedb-spo_v203,10.99.101.140
ipa-idm-prod01,10.99.2.10
srvkeymile01,10.99.2.194
server-trace-10,10.99.2.217
server-trace_prd01,10.99.2.218
server-trace_prd02,10.99.2.219
ger-soem,10.99.3.147
VM_dns-cel02-prd,10.99.4.2
PL_MRS-3_v203,10.99.5.100
PL_MRS-4_v203,10.99.5.101
PL_SIG_34,10.99.5.21
PL_SIG_35,10.99.5.22
PL_SIG_36,10.99.5.23
PL_SIG_37,10.99.5.24
PL_SIG_38,10.99.5.25
PL_SIG_39,10.99.5.26
PL_SIG_40,10.99.5.27
pl_sig_41_v203,10.99.5.28
pl_sig_24_v203,10.99.5.29
pl_sig_29_v203_,10.99.5.30
PL_MRS-2_v203,10.99.5.36
VM-NSPAR,172.18.16.3
VM-NSSAR,172.18.16.4
zbxdbtic01,172.20.0.10
mon_pain_ince_prd01,172.20.0.109
furukawaprd01,172.20.0.110
zbxdbalghx01,172.20.9.135
zabbix-dck-metro-prd01,172.20.0.125
zabbix-dck-metro-prd03,172.20.0.13
zabbixdb03,172.20.0.22
bd-gerar-mysql-prd01,172.20.0.66
wildfly-gerar-prd02,172.20.0.67
zabbix-srv-plat-prd01,172.20.0.76
tr069-balancer-hml01,172.20.10.76
tr069-api-hml01,172.20.10.78
tr069-mongo-hml01,172.20.10.79
tr069-logs-hml01,172.20.10.80
emzdlra01-adm,172.20.101.3
idm-ipa-px01,172.20.11.2
idm-ipa-px02,172.20.11.3
idm-ipa-px03,172.20.11.4
idm-ipa-px04,172.20.11.5
nc-dashboards-hml01,172.20.14.180
nc-itnm-prd03,172.20.14.222
nc-dis-prd02,172.20.14.249
MCP-SERVER01,172.20.14.59
dbhx01,172.20.25.10
acsdb-01,172.20.25.4
server-analytics-prd01,172.20.250.110
PaloAlto_api-prd01,172.20.38.241
npi-clients-prd01-,172.20.39.109
smokeping-prd01,172.20.39.212
qualidade-prd01,172.20.4.165
qualidade-prd02,172.20.4.166
qualidade-prd03,172.20.4.167
qualidade-prd04,172.20.4.168
qualidade-hom01,172.20.4.171
LB02_prd,172.20.46.36
TPDU01_prd,172.20.46.37
tpdu02,172.20.46.38
tpdu03,172.20.46.39
tpdu04,172.20.46.40
tpdu05,172.20.46.41
tpdu06,172.20.46.42
tpdu07,172.20.46.43
tpdu08,172.20.46.44
adm-ceph-prd01,172.20.46.76
sds-monitor-236-prd01,172.20.46.77
traffic-analyser-prd01,172.20.49.10
traffic-analyser-prd02,172.20.49.11
traffic-analyser-prd03,172.20.49.12
traffic-analyser-prd04,172.20.49.13
traffic-analyser-prd05,172.20.49.14
traffic-analyser-prd06,172.20.49.15
traffic-analyser-prd07,172.20.49.16
traffic-analyser-prd08,172.20.49.17
traffic-analyser-prd09,172.20.49.18
tcr-ula-prd01,172.20.49.19
insight-ingestion ,172.20.49.197
tcr-ula-prd02,172.20.49.20
tcr-franca-prd01,172.20.49.21
tcr-franca-prd02,172.20.49.22
tcr-ula-prd03,172.20.49.8
tcr-ula-prd04,172.20.49.9
pl5-eventos-prd01,172.20.5.11
pl5-eventos-prd10,172.20.5.20
eir-map-prd01,172.20.5.80
eir-map-prd02,172.20.5.81
eir-adm-prd01,172.20.5.82
eir-map-prd03,172.20.5.83
eir-map-prd04,172.20.5.84
eir-map-prd05,172.20.5.85
eir-diameter-prd01,172.20.5.90
eir-diameter-prd02,172.20.5.91
eir-diameter-prd03,172.20.5.92
eir-diameter-prd04,172.20.5.93
api-prd02-iot,172.20.50.12
bd-conf-phone-hml01,172.20.50.122
frontend-allcom-01.prd.iot,172.20.50.13
telegraf-gateway-01.prd.iot,172.20.50.14
docs.prd.iot,172.20.50.15
scm-01.prd.iot,172.20.50.16
telegraf-gateway-02.prd.iot,172.20.50.17
influxdb-01-apm.prd.iot,172.20.50.18
teams-vsession-prd06,172.20.50.189
influxdb-02-apm.prd.iot,172.20.50.19
influxdb-03-apm.prd.iot,172.20.50.20
grafana-01-apm.prd.iot,172.20.50.21
teams-vsession-prd01,172.20.50.210
teams-vsession-prd05,172.20.50.218
grafana-02-apm.prd.iot,172.20.50.22
kapacitor-01-apm.prd.iot,172.20.50.23
kapacitor-02-apm.prd.iot,172.20.50.24
api-prd01-iot,172.20.50.25
lb-api-01.prd.iot,172.20.50.26
frontend-allcom-02.prd.iot,172.20.50.38
frontend-scm-01.prd.iot,172.20.50.39
proxy-01.prd.iot,172.20.50.41
frontend-burst-01.prd.iot,172.20.50.42
bd-sip-phone-prd01,172.20.50.66
app-phone-prd01,172.20.50.74
app-phone-prd02,172.20.50.75
app-sq-phone-prd01,172.20.50.76
app-sq-phone-prd02,172.20.50.77
iam-01.prd.iot,172.20.50.8
bd-conf-phone-prd02,172.20.50.85
bd-conf-phone-prd01,172.20.50.86
bd-log-phone-prd01,172.20.50.87
bd-log-phone-prd02,172.20.50.88
Rancher-Admin-prd01,172.20.51.100
Rancher-Admin-prd02,172.20.51.101
Rancher-Admin-prd03,172.20.51.102
planeta-idp-prd01,172.20.51.3
planeta-idp-hom-1,172.20.51.35
planeta-idp-hom-2,172.20.51.36
proventos-hom-1,172.20.51.37
planeta-idp-prd02,172.20.51.4
stream-moniot-hml03,172.20.53.18
ksql-moniot-hml01,172.20.53.19
ksql-moniot-hml02,172.20.53.20
Rancher-worker-prd03,172.20.54.10
Rancher-worker-prd04,172.20.54.11
Rancher-master-prd01,172.20.54.5
Rancher-master-prd02,172.20.54.6
Rancher-master-prd03,172.20.54.7
Rancher-worker-prd01,172.20.54.8
Rancher-worker-prd02,172.20.54.9
Rancher-worker-stg03,172.20.55.10
Rancher-worker-stg04,172.20.55.11
Rancher-master-stg01,172.20.55.5
Rancher-master-stg02,172.20.55.6
Rancher-master-stg03,172.20.55.7
Rancher-worker-stg01,172.20.55.8
Rancher-worker-stg02,172.20.55.9
ntr-soa-p02,172.20.56.17
vigiapx02,172.20.64.126
vigiahx01,172.20.64.141
id-transmissao-prd01,172.20.64.82
id-transmissao-prd02,172.20.64.83
nc-itnm-prd13,172.20.64.84
ID-VOGEL-APP-HML-01,172.20.64.85
id-transmissao-hml01,172.20.64.98
pl4-oferta-rel-prd01,172.20.7.10
nc-web-prd01,172.20.9.12
zabbix-server-hom-01,172.20.9.144
app-portal-nominum-prd01,172.20.9.26
netctpx01.network.ctbc,172.20.9.4
parametrizacoes,172.20.14.168
rqual-spo-prod01,172.25.154.11
tcr-spo-prd01,172.25.176.82
tcr-spo-prd02,172.25.176.83
pl-management,172.25.179.130
PL4-PRD-USSD-1,172.25.179.133
pv4-camp-wso2-1,172.25.179.134
GW-MAP-7,172.25.179.152
GW-MAP-8,172.25.179.153
PL4-IVR-MOB-5,172.25.179.158
PL4-IVR-MOB-6,172.25.179.159
PL4-IVR-MOB-7,172.25.179.160
PL4-IVR-MOB-8,172.25.179.161
PL4-IVR-SDP-MOB-5,172.25.179.162
pv4-camp-kannel-1,172.25.179.183
pl5-kannel-1.planeta.net,172.25.179.193
pl5-psql-1.planeta.net,172.25.179.195
pl5-psql-2.planeta.net,172.25.179.196
Pl-ivr-app7,172.25.179.229
Pl-ivr-app8,172.25.179.230
pl4-tts1-new,172.25.179.233
Pl-ivr-app12,172.25.179.235
Pl-ivr-app13,172.25.179.236
pl4-back-grav-03,172.25.179.237
pl4-log-indexer-1,172.25.179.241
smsc-smpp-4,172.25.208.23
smsc2-map-02.planeta.net,172.25.208.25
smsc2-map-03.planeta.net,172.25.208.26
smsc2-map-04.planeta.net,172.25.208.27
smsc2-smpp-05,172.25.208.95
server-trace,172.25.218.6
smdpx01,172.25.254.26
app-policy-prd01-238,172.25.75.106
db-policy-prd01-238,172.25.75.107
radius-ciscoar-temp01_v90,172.25.75.17
pl4-ivr-mob-1,172.25.76.100
pl4-ivr-mob-2,172.25.76.101
pl4-ivr-mob-3,172.25.76.102
pl4-ivr-mob-4,172.25.76.103
eris-1.planeta.net,172.25.76.116
cds-hos-17,172.25.76.12
pl4-iotbr-prd01,172.25.76.126
pl4-ivr-sdp-mob-1.planeta.net,172.25.76.135
pl4-ivr-sdp-mob-2.planeta.net,172.25.76.136
pl4-ivr-sdp-mob-3.planeta.net,172.25.76.137
pl4-ivr-sdp-mob-4.planeta.net,172.25.76.138
pl4-mob-2.planeta.net,172.25.76.151
pl4-hos-10,172.25.76.160
pl4-mob-3.planeta.net,172.25.76.162
pl4-nv-mob-5.planeta.net,172.25.76.164
pl4-nv-mob-6.planeta.net,172.25.76.165
pl-sdp-v4-app-3,172.25.76.166
PL4-BALANCER-1.planeta.net,172.25.76.17
pl-grav-monitor-avaya-1,172.25.76.170
pl4-hom1,172.25.76.18
pl4-nv-esb-1.planeta.net,172.25.76.182
pl4-nv-esb-2.planeta.net,172.25.76.183
aid-hos-23,172.25.76.19
pl-prd-search-engine-4,172.25.76.190
tam-01.planeta.net,172.25.76.197
Pl-enabler-postvendas,172.25.76.2
ussd-center-01,172.25.76.203
ussd-center-02,172.25.76.204
mediapx01,172.25.76.205
pl4-hos-11,172.25.76.212
pl4-tts1.planeta.net,172.25.76.22
gerencia.planeta.net,172.25.76.222
pl-message-prd-4,172.25.76.225
pl4-mediaserver-8,172.25.76.41
pl4-db-adm1.planeta.net,172.25.76.54
pl-central-prd-1,172.25.76.56
pl-central-prd-2,172.25.76.57
pl-central-hom-1,172.25.76.59
aid-hos-21,172.25.76.6
aid-hos-22,172.25.76.7
pl4-mediaserver-5,172.25.76.72
aid-hos-24,172.25.76.73
pl-prd-logging-interface-1,172.25.76.76
pl4-hos-9,172.25.76.96
sdr-server-captura,172.29.20.207
pl_apl_01.ctbc.com.br,172.31.224.16
com-hom-app02,172.31.224.17
app-gravacao-01,172.31.224.202
app-gravacao-02,172.31.224.207
pl_sig_02,172.31.224.43
pl_sig_03,172.31.224.44
pl_sig_05,172.31.224.46
pl_sig_06,172.31.224.47
pl_sig_07,172.31.224.48
pl_sig_09,172.31.224.50
pl_sig_10,172.31.224.51
pl-sig-13,172.31.224.58
pl-sig-14,172.31.224.59
pl-sig-15,172.31.224.60
PL-SIG_16,172.31.224.61
pl_sig_21,172.31.224.71
pl_sig_22,172.31.224.72
pl_sig_23,172.31.224.73
pl-sig-26,172.31.224.76
pl_sig_28,172.31.224.78
aid-hos-10.planeta.net,172.31.224.81
aid-hos-11,172.31.224.82
aid-hos-12,172.31.224.83
aid-hos-25,172.31.224.84
npp-tst-pedrom,172.31.230.10
npp-db-interface-prd01,172.31.230.100
npp-db-interface-prd02,172.31.230.101
npp-db-telecom-admin-prd01,172.31.230.102
npp-db-telecom-ula-236-prd01,172.31.230.103
npp-db-telecom-ula-236-prd02,172.31.230.104
npp-db-telecom-ula-236-prd03,172.31.230.105
npp-db-telecom-ula-236-prd04,172.31.230.106
npp-db-telecom-ula-236-prd05,172.31.230.107
npp-db-telecom-ula-236-prd06,172.31.230.108
npp-identity-prd01,172.31.230.111
npp-identity-prd02,172.31.230.112
npp-log-agregator-prd01,172.31.230.117
npp-map-ula-236-prd01,172.31.230.118
npp-map-ula-236-prd02,172.31.230.119
npp-map-ula-236-prd03,172.31.230.120
npp-map-ula-236-prd04,172.31.230.121
npp-map-ula-236-prd05,172.31.230.122
npp-map-ula-236-prd06,172.31.230.123
npp-map-ula-236-prd07,172.31.230.124
npp-map-ula-236-prd08,172.31.230.125
npp-proxy-prd01,172.31.230.126
npp-proxy-prd02,172.31.230.127
npp-replication-prd01,172.31.230.128
npp-service-prd01,172.31.230.129
npp-service-prd02,172.31.230.130
npp-web-prd01,172.31.230.131
npp-web-prd02,172.31.230.132
npp-db-telecom-ula-238-prd01,172.31.230.133
npp-db-telecom-ula-238-prd03,172.31.230.135
npp-db-telecom-ula-238-prd04,172.31.230.136
npp-db-telecom-ula-238-prd05,172.31.230.137
npp-db-telecom-ula-238-prd06,172.31.230.138
npp-db-telecom-ula-238-prd07,172.31.230.139
npp-db-telecom-ula-238-prd08,172.31.230.140
npp-map-ula-238-prd02,172.31.230.142
npp-map-ula-238-prd03,172.31.230.143
npp-map-ula-238-prd04,172.31.230.144
npp-map-ula-238-prd05,172.31.230.145
npp-map-ula-238-prd06,172.31.230.146
npp-map-ula-238-prd07,172.31.230.147
npp-map-ula-238-prd08,172.31.230.148
npp-inap-ula-238-prd01,172.31.230.149
npp-inap-ula-238-prd02,172.31.230.150
npp-inap-ula-238-prd03,172.31.230.151
npp-inap-ula-238-prd04,172.31.230.152
npp-inap-ula-238-prd05,172.31.230.153
npp-inap-ula-238-prd06,172.31.230.154
npp-inap-ula-238-prd07,172.31.230.155
npp-inap-ula-238-prd08,172.31.230.156
npp-inap-ula-236-prd05,172.31.230.157
npp-inap-ula-236-prd07,172.31.230.159
algar-sg-ula-7,172.31.230.16
npp-inap-ula-236-prd08,172.31.230.160
npp-inap-ula-236-prd01,172.31.230.61
npp-inap-ula-236-prd02,172.31.230.62
npp-inap-ula-236-prd03,172.31.230.63
Npp-mobicents-map-ula-13,172.31.230.72
npp-db-telecom-spo-piaf-prd01,172.31.234.101
npp-db-telecom-spo-piaf-prd02,172.31.234.102
npp-db-telecom-spo-piaf-prd03,172.31.234.103
npp-db-telecom-spo-piaf-prd04,172.31.234.104
npp-db-telecom-spo-piaf-prd05,172.31.234.105
npp-db-telecom-spo-piaf-prd06,172.31.234.106
npp-db-telecom-spo-piaf-prd07,172.31.234.107
npp-db-telecom-spo-piaf-prd08,172.31.234.108
npp-map-spo-piaf-prd07,172.31.234.71
algar-sg-spo-3,172.31.234.12
algar-sg-spo-4,172.31.234.13
npp-inap-spo-piaf-prd01,172.31.234.61
npp-inap-spo-piaf-prd02,172.31.234.62
npp-inap-spo-piaf-prd03,172.31.234.63
npp-inap-spo-piaf-prd04,172.31.234.64
npp-map-spo-piaf-prd01,172.31.234.65
npp-map-spo-piaf-prd02,172.31.234.66
npp-map-spo-piaf-prd03,172.31.234.67
npp-map-spo-piaf-prd04,172.31.234.68
npp-map-spo-piaf-prd05,172.31.234.69
npp-map-spo-piaf-prd06,172.31.234.70
npp-map-spo-piaf-prd08,172.31.234.72
npp-map-spo-piaf-prd09,172.31.234.73
npp-map-spo-piaf-prd10,172.31.234.74
npp-map-spo-piaf-prd11,172.31.234.75
npp-map-spo-piaf-prd012,172.31.234.76
npp-map-spo-piaf-prd013,172.31.234.77
npp-map-spo-piaf-prd14,172.31.234.78
npp-map-spo-piaf-prd15,172.31.234.79
npp-map-spo-piaf-prd16,172.31.234.80
npp-inap-spo-piaf-prd05,172.31.234.84
npp-inap-spo-piaf-prd06,172.31.234.85
npp-inap-spo-piaf-prd07,172.31.234.86
npp-inap-spo-piaf-prd08,172.31.234.87
mobile-data-prd-8,172.31.235.100
broker-prd-4,172.31.235.106
broker-prd-5,172.31.235.107
proxy-prd-3,172.31.235.108
proxy-prd-4,172.31.235.109
mobile-data-prd-9,172.31.235.110
mobile-data-prd-10,172.31.235.111
mobile-data-prd-11,172.31.235.112
scp-gw-diameter-prd-1,172.31.235.118
sendsms-prd-1,172.31.235.129
sendsms-prd-2,172.31.235.130
mobile-data-prd-12,172.31.235.156
mobile-data-prd-13,172.31.235.157
mobile-data-prd-14,172.31.235.158
mobile-data-prd-15,172.31.235.159
mobile-data-prd-16,172.31.235.160
proxy-hom2-1,172.31.235.161
gerencia-hom2-1,172.31.235.177
dns-prd-1.ocs.algartelecom.com.br,172.31.235.20
mobile-voice-prd-9,172.31.235.213
services-hom2-1,172.31.235.218
services-hom2-2,172.31.235.219
cbp-hom2-1,172.31.235.221
cbp-hom2-2,172.31.235.222
mobile-voice-prd-10,172.31.235.227
mobile-voice-prd-11,172.31.235.228
mobile-data-hom2-1,172.31.235.231
mobile-data-hom2-2,172.31.235.232
mobile-voice-prd-12,172.31.235.233
mobile-voice-prd-13,172.31.235.234
mobile-voice-prd-14,172.31.235.235
mobile-voice-prd-15,172.31.235.236
scp-gw-http-hom2-2,172.31.235.238
mobile-voice-prd-16,172.31.235.239
offline-prd-1,172.31.235.242
dns-prd-2,172.31.235.31
proxy-prd-1,172.31.235.32
proxy-prd-2,172.31.235.33
balancer-prd-1,172.31.235.34
balancer-prd-2.ocs.algartelecom.com.br,172.31.235.35
gerencia-prd-1,172.31.235.38
gerencia-prd-2,172.31.235.39
services-prd-1,172.31.235.41
services-prd-2,172.31.235.42
services-prd-3,172.31.235.43
broker-prd-2,172.31.235.51
broker-prd-3,172.31.235.52
fix-prd-1,172.31.235.53
fix-prd-2,172.31.235.54
fix-prd-3,172.31.235.55
fix-prd-4,172.31.235.62
fix-prd-5,172.31.235.63
mobile-voice-prd-1,172.31.235.66
mobile-voice-prd-2,172.31.235.67
mobile-data-prd-1,172.31.235.68
mobile-data-prd-2,172.31.235.69
scp-gw-http-prd-1,172.31.235.72
scp-gw-http-prd-2,172.31.235.73
scp-gw-http-prd-3,172.31.235.74
scp-gw-http-prd-4,172.31.235.75
scp-gw-http-prd-5,172.31.235.76
scp-gw-http-prd-6,172.31.235.77
scp-gw-diameter-prd-3,172.31.235.78
scp-gw-diameter-prd-5,172.31.235.80
scp-gw-diameter-prd-6,172.31.235.81
smpp-gw-prd-2,172.31.235.83
smpp-gw-prd-3,172.31.235.84
smpp-gw-prd-4,172.31.235.85
empp-gw-prd-1,172.31.235.86
mobile-voice-prd-3,172.31.235.89
mobile-voice-prd-5,172.31.235.91
mobile-voice-prd-6,172.31.235.92
mobile-voice-prd-7,172.31.235.93
mobile-voice-prd-8,172.31.235.94
mobile-data-prd-3,172.31.235.95
mobile-data-prd-4,172.31.235.96
mobile-data-prd-5,172.31.235.97
mobile-data-prd-6,172.31.235.98
mobile-data-prd-7,172.31.235.99
sipcor-prd01,172.31.237.10
cap-hos-17,172.31.238.2
ocs-dbrac-238-dg03.ocs.algartelecom.com.br,172.31.238.20
radius-iot-auth-prd02,172.31.238.35
radius-iot-auth-prd03,172.31.238.36
radius-iot-acc-hml02,172.31.238.42
radius-iot-acc-hml03,172.31.238.43
radius-iot-auth-hml01,172.31.238.44
radius-iot-auth-hml02,172.31.238.45
radius-iot-auth-hml03,172.31.238.46
ocs-dbrac-236-prd05,172.31.238.9
loja-prd01,10.0.10.23
VM_WEBDNS_ALGARSUL,201.49.96.18
app-policy-prd02,172.25.75.88
smsc2-smpp-04.planeta.net,172.25.208.154
